UserID,MovieID,Rating,Timestamp,Gender,Age,Occupation,Zip-code,Title,Genres,Year,genre_id,label
1,1193,5,978300760,F,1,10,48067,One Flew Over the Cuckoo's Nest (1975),Drama,1975,238,1
1,3408,4,978300275,F,1,10,48067,Erin Brockovich (2000),Drama,2000,238,1
1,2355,5,978824291,F,1,10,48067,"Bug's Life, A (1998)",Animation|Children's|Comedy,1998,145,1
1,1287,5,978302039,F,1,10,48067,Ben-Hur (1959),Action|Adventure|Drama,1959,19,1
1,2804,5,978300719,F,1,10,48067,"Christmas Story, A (1983)",Comedy|Drama,1983,185,1
1,594,4,978302268,F,1,10,48067,Snow White and the Seven Dwarfs (1937),Animation|Children's|Musical,1937,152,1
1,919,4,978301368,F,1,10,48067,"Wizard of Oz, The (1939)",Adventure|Children's|Drama|Musical,1939,113,1
1,595,5,978824268,F,1,10,48067,Beauty and the Beast (1991),Animation|Children's|Musical,1991,152,1
1,938,4,978301752,F,1,10,48067,Gigi (1958),Musical,1958,280,1
1,2398,4,978302281,F,1,10,48067,Miracle on 34th Street (1947),Drama,1947,238,1
1,2918,4,978302124,F,1,10,48067,Ferris Bueller's Day Off (1986),Comedy,1986,176,1
1,1035,5,978301753,F,1,10,48067,"Sound of Music, The (1965)",Musical,1965,280,1
1,2791,4,978302188,F,1,10,48067,Airplane! (1980),Comedy,1980,176,1
1,2018,4,978301777,F,1,10,48067,Bambi (1942),Animation|Children's,1942,144,1
1,3105,5,978301713,F,1,10,48067,Awakenings (1990),Drama,1990,238,1
1,2797,4,978302039,F,1,10,48067,Big (1988),Comedy|Fantasy,1988,192,1
1,1270,5,978300055,F,1,10,48067,Back to the Future (1985),Comedy|Sci-Fi,1985,210,1
1,527,5,978824195,F,1,10,48067,Schindler's List (1993),Drama|War,1993,261,1
1,48,5,978824351,F,1,10,48067,Pocahontas (1995),Animation|Children's|Musical|Romance,1995,153,1
1,1097,4,978301953,F,1,10,48067,E.T. the Extra-Terrestrial (1982),Children's|Drama|Fantasy|Sci-Fi,1982,169,1
1,1721,4,978300055,F,1,10,48067,Titanic (1997),Drama|Romance,1997,251,1
1,1545,4,978824139,F,1,10,48067,Ponette (1996),Drama,1996,238,1
1,2294,4,978824291,F,1,10,48067,Antz (1998),Animation|Children's,1998,144,1
1,3186,4,978300019,F,1,10,48067,"Girl, Interrupted (1999)",Drama,1999,238,1
1,1566,4,978824330,F,1,10,48067,Hercules (1997),Adventure|Animation|Children's|Comedy|Musical,1997,99,1
1,588,4,978824268,F,1,10,48067,Aladdin (1992),Animation|Children's|Comedy|Musical,1992,146,1
1,1907,4,978824330,F,1,10,48067,Mulan (1998),Animation|Children's,1998,144,1
1,783,4,978824291,F,1,10,48067,"Hunchback of Notre Dame, The (1996)",Animation|Children's|Musical,1996,152,1
1,1836,5,978300172,F,1,10,48067,"Last Days of Disco, The (1998)",Drama,1998,238,1
1,1022,5,978300055,F,1,10,48067,Cinderella (1950),Animation|Children's|Musical,1950,152,1
1,2762,4,978302091,F,1,10,48067,"Sixth Sense, The (1999)",Thriller,1999,297,1
1,150,5,978301777,F,1,10,48067,Apollo 13 (1995),Drama,1995,238,1
1,1,5,978824268,F,1,10,48067,Toy Story (1995),Animation|Children's|Comedy,1995,145,1
1,1961,5,978301590,F,1,10,48067,Rain Man (1988),Drama,1988,238,1
1,1962,4,978301753,F,1,10,48067,Driving Miss Daisy (1989),Drama,1989,238,1
1,2692,4,978301570,F,1,10,48067,Run Lola Run (Lola rennt) (1998),Action|Crime|Romance,1998,61,1
1,260,4,978300760,F,1,10,48067,Star Wars: Episode IV - A New Hope (1977),Action|Adventure|Fantasy|Sci-Fi,1977,24,1
1,1028,5,978301777,F,1,10,48067,Mary Poppins (1964),Children's|Comedy|Musical,1964,163,1
1,1029,5,978302205,F,1,10,48067,Dumbo (1941),Animation|Children's|Musical,1941,152,1
1,1207,4,978300719,F,1,10,48067,To Kill a Mockingbird (1962),Drama,1962,238,1
1,2028,5,978301619,F,1,10,48067,Saving Private Ryan (1998),Action|Drama|War,1998,73,1
1,531,4,978302149,F,1,10,48067,"Secret Garden, The (1993)",Children's|Drama,1993,167,1
1,3114,4,978302174,F,1,10,48067,Toy Story 2 (1999),Animation|Children's|Comedy,1999,145,1
1,608,4,978301398,F,1,10,48067,Fargo (1996),Crime|Drama|Thriller,1996,224,1
1,1246,4,978302091,F,1,10,48067,Dead Poets Society (1989),Drama,1989,238,1
2,1357,5,978298709,M,56,16,70072,Shine (1996),Drama|Romance,1996,251,1
2,3068,4,978299000,M,56,16,70072,"Verdict, The (1982)",Drama,1982,238,1
2,1537,4,978299620,M,56,16,70072,Shall We Dance? (Shall We Dansu?) (1996),Comedy,1996,176,1
2,2194,4,978299297,M,56,16,70072,"Untouchables, The (1987)",Action|Crime|Drama,1987,57,1
2,648,4,978299913,M,56,16,70072,Mission: Impossible (1996),Action|Adventure|Mystery,1996,27,1
2,2268,5,978299297,M,56,16,70072,"Few Good Men, A (1992)",Crime|Drama,1992,216,1
2,3468,5,978298542,M,56,16,70072,"Hustler, The (1961)",Drama,1961,238,1
2,1210,4,978298151,M,56,16,70072,Star Wars: Episode VI - Return of the Jedi (1983),Action|Adventure|Romance|Sci-Fi|War,1983,30,1
2,3578,5,978298958,M,56,16,70072,Gladiator (2000),Action|Drama,2000,64,1
2,3030,4,978298434,M,56,16,70072,Yojimbo (1961),Comedy|Drama|Western,1961,191,1
2,3105,4,978298673,M,56,16,70072,Awakenings (1990),Drama,1990,238,1
2,3035,4,978298625,M,56,16,70072,Mister Roberts (1955),Comedy|Drama|War,1955,190,1
2,1610,5,978299809,M,56,16,70072,"Hunt for Red October, The (1990)",Action|Thriller,1990,92,1
2,2236,5,978299220,M,56,16,70072,Simon Birch (1998),Drama,1998,238,1
2,3071,4,978299120,M,56,16,70072,Stand and Deliver (1987),Drama,1987,238,1
2,368,4,978300002,M,56,16,70072,Maverick (1994),Action|Comedy|Western,1994,55,1
2,1259,5,978298841,M,56,16,70072,Stand by Me (1986),Adventure|Comedy|Drama,1986,121,1
2,3147,5,978298652,M,56,16,70072,"Green Mile, The (1999)",Drama|Thriller,1999,259,1
2,1544,4,978300174,M,56,16,70072,"Lost World: Jurassic Park, The (1997)",Action|Adventure|Sci-Fi|Thriller,1997,34,1
2,1293,5,978298261,M,56,16,70072,Gandhi (1982),Drama,1982,238,1
2,1188,4,978299620,M,56,16,70072,Strictly Ballroom (1992),Comedy|Romance,1992,206,1
2,3255,4,978299321,M,56,16,70072,"League of Their Own, A (1992)",Comedy|Drama,1992,185,1
2,110,5,978298625,M,56,16,70072,Braveheart (1995),Action|Drama|War,1995,73,1
2,1834,4,978298813,M,56,16,70072,"Spanish Prisoner, The (1997)",Drama|Thriller,1997,259,1
2,3471,5,978298814,M,56,16,70072,Close Encounters of the Third Kind (1977),Drama|Sci-Fi,1977,257,1
2,589,4,978299773,M,56,16,70072,Terminator 2: Judgment Day (1991),Action|Sci-Fi|Thriller,1991,87,1
2,1945,5,978298458,M,56,16,70072,On the Waterfront (1954),Crime|Drama,1954,216,1
2,982,4,978299269,M,56,16,70072,Picnic (1955),Drama,1955,238,1
2,1873,4,978298542,M,56,16,70072,"Misérables, Les (1998)",Drama,1998,238,1
2,2858,4,978298434,M,56,16,70072,American Beauty (1999),Comedy|Drama,1999,185,1
2,1225,5,978298391,M,56,16,70072,Amadeus (1984),Drama,1984,238,1
2,2028,4,978299773,M,56,16,70072,Saving Private Ryan (1998),Action|Drama|War,1998,73,1
2,515,5,978298542,M,56,16,70072,"Remains of the Day, The (1993)",Drama,1993,238,1
2,265,4,978299026,M,56,16,70072,Like Water for Chocolate (Como agua para chocolate) (1992),Drama|Romance,1992,251,1
2,480,5,978299809,M,56,16,70072,Jurassic Park (1993),Action|Adventure|Sci-Fi,1993,33,1
2,1442,4,978299297,M,56,16,70072,Prefontaine (1997),Drama,1997,238,1
2,2067,5,978298625,M,56,16,70072,Doctor Zhivago (1965),Drama|Romance|War,1965,254,1
2,1370,5,978299889,M,56,16,70072,Die Hard 2 (1990),Action|Thriller,1990,92,1
2,1193,5,978298413,M,56,16,70072,One Flew Over the Cuckoo's Nest (1975),Drama,1975,238,1
2,2353,4,978299861,M,56,16,70072,Enemy of the State (1998),Action|Thriller,1998,92,1
2,3334,4,978298958,M,56,16,70072,Key Largo (1948),Crime|Drama|Film-Noir|Thriller,1948,218,1
2,590,5,978299083,M,56,16,70072,Dances with Wolves (1990),Adventure|Drama|Western,1990,130,1
2,1196,5,978298730,M,56,16,70072,Star Wars: Episode V - The Empire Strikes Back (1980),Action|Adventure|Drama|Sci-Fi|War,1980,21,1
2,736,4,978300100,M,56,16,70072,Twister (1996),Action|Adventure|Romance|Thriller,1996,31,1
2,1198,4,978298124,M,56,16,70072,Raiders of the Lost Ark (1981),Action|Adventure,1981,1,1
2,593,5,978298517,M,56,16,70072,"Silence of the Lambs, The (1991)",Drama|Thriller,1991,259,1
2,2571,4,978299773,M,56,16,70072,"Matrix, The (1999)",Action|Sci-Fi|Thriller,1999,87,1
2,2396,4,978299641,M,56,16,70072,Shakespeare in Love (1998),Comedy|Romance,1998,206,1
2,1953,4,978298775,M,56,16,70072,"French Connection, The (1971)",Action|Crime|Drama|Thriller,1971,58,1
2,1954,5,978298841,M,56,16,70072,Rocky (1976),Action|Drama,1976,64,1
2,1955,4,978299200,M,56,16,70072,Kramer Vs. Kramer (1979),Drama,1979,238,1
2,1124,5,978299418,M,56,16,70072,On Golden Pond (1981),Drama,1981,238,1
2,1957,5,978298750,M,56,16,70072,Chariots of Fire (1981),Drama,1981,238,1
2,163,4,978299809,M,56,16,70072,Desperado (1995),Action|Romance|Thriller,1995,84,1
2,380,5,978299809,M,56,16,70072,True Lies (1994),Action|Adventure|Comedy|Romance,1994,13,1
2,2501,5,978298600,M,56,16,70072,October Sky (1999),Drama,1999,238,1
2,349,4,978299839,M,56,16,70072,Clear and Present Danger (1994),Action|Adventure|Thriller,1994,37,1
2,457,4,978299773,M,56,16,70072,"Fugitive, The (1993)",Action|Thriller,1993,92,1
2,1096,4,978299386,M,56,16,70072,Sophie's Choice (1982),Drama,1982,238,1
2,920,5,978298775,M,56,16,70072,Gone with the Wind (1939),Drama|Romance|War,1939,254,1
2,1527,4,978299839,M,56,16,70072,"Fifth Element, The (1997)",Action|Sci-Fi,1997,86,1
2,3418,4,978299809,M,56,16,70072,Thelma & Louise (1991),Action|Drama,1991,64,1
2,3451,4,978298924,M,56,16,70072,Guess Who's Coming to Dinner (1967),Comedy|Drama,1967,185,1
2,3095,4,978298517,M,56,16,70072,"Grapes of Wrath, The (1940)",Drama,1940,238,1
2,2002,5,978300100,M,56,16,70072,Lethal Weapon 3 (1992),Action|Comedy|Crime|Drama,1992,45,1
2,1962,5,978298813,M,56,16,70072,Driving Miss Daisy (1989),Drama,1989,238,1
2,1784,5,978298841,M,56,16,70072,As Good As It Gets (1997),Comedy|Drama,1997,185,1
2,2943,4,978298372,M,56,16,70072,Indochine (1992),Drama|Romance,1992,251,1
2,318,5,978298413,M,56,16,70072,"Shawshank Redemption, The (1994)",Drama,1994,238,1
2,1207,4,978298478,M,56,16,70072,To Kill a Mockingbird (1962),Drama,1962,238,1
2,356,5,978299686,M,56,16,70072,Forrest Gump (1994),Comedy|Romance|War,1994,209,1
2,1246,5,978299418,M,56,16,70072,Dead Poets Society (1989),Drama,1989,238,1
2,1247,5,978298652,M,56,16,70072,"Graduate, The (1967)",Drama|Romance,1967,251,1
3,3421,4,978298147,M,25,15,55117,Animal House (1978),Comedy,1978,176,1
3,1394,4,978298147,M,25,15,55117,Raising Arizona (1987),Comedy,1987,176,1
3,104,4,978298486,M,25,15,55117,Happy Gilmore (1996),Comedy,1996,176,1
3,2735,4,978297867,M,25,15,55117,"Golden Child, The (1986)",Action|Adventure|Comedy,1986,9,1
3,1210,4,978297600,M,25,15,55117,Star Wars: Episode VI - Return of the Jedi (1983),Action|Adventure|Romance|Sci-Fi|War,1983,30,1
3,1079,5,978298296,M,25,15,55117,"Fish Called Wanda, A (1988)",Comedy,1988,176,1
3,1615,5,978297710,M,25,15,55117,"Edge, The (1997)",Adventure|Thriller,1997,140,1
3,1291,4,978297600,M,25,15,55117,Indiana Jones and the Last Crusade (1989),Action|Adventure,1989,1,1
3,1259,5,978298296,M,25,15,55117,Stand by Me (1986),Adventure|Comedy|Drama,1986,121,1
3,653,4,978297757,M,25,15,55117,Dragonheart (1996),Action|Adventure|Fantasy,1996,23,1
3,2167,5,978297600,M,25,15,55117,Blade (1998),Action|Adventure|Horror,1998,25,1
3,260,5,978297512,M,25,15,55117,Star Wars: Episode IV - A New Hope (1977),Action|Adventure|Fantasy|Sci-Fi,1977,24,1
3,2858,4,978297039,M,25,15,55117,American Beauty (1999),Comedy|Drama,1999,185,1
3,1049,4,978297805,M,25,15,55117,"Ghost and the Darkness, The (1996)",Action|Adventure,1996,1,1
3,552,4,978297837,M,25,15,55117,"Three Musketeers, The (1993)",Action|Adventure|Comedy,1993,9,1
3,480,4,978297690,M,25,15,55117,Jurassic Park (1993),Action|Adventure|Sci-Fi,1993,33,1
3,1266,5,978297396,M,25,15,55117,Unforgiven (1992),Western,1992,299,1
3,733,5,978297757,M,25,15,55117,"Rock, The (1996)",Action|Adventure|Thriller,1996,37,1
3,1196,4,978297539,M,25,15,55117,Star Wars: Episode V - The Empire Strikes Back (1980),Action|Adventure|Drama|Sci-Fi|War,1980,21,1
3,590,4,978297439,M,25,15,55117,Dances with Wolves (1990),Adventure|Drama|Western,1990,130,1
3,2355,5,978298430,M,25,15,55117,"Bug's Life, A (1998)",Animation|Children's|Comedy,1998,145,1
3,1197,5,978297570,M,25,15,55117,"Princess Bride, The (1987)",Action|Adventure|Comedy|Romance,1987,13,1
3,1198,5,978297570,M,25,15,55117,Raiders of the Lost Ark (1981),Action|Adventure,1981,1,1
3,1378,5,978297419,M,25,15,55117,Young Guns (1988),Action|Comedy|Western,1988,55,1
3,1379,4,978297419,M,25,15,55117,Young Guns II (1990),Action|Comedy|Western,1990,55,1
3,3552,5,978298459,M,25,15,55117,Caddyshack (1980),Comedy,1980,176,1
3,1304,5,978298166,M,25,15,55117,Butch Cassidy and the Sundance Kid (1969),Action|Comedy|Western,1969,55,1
3,2470,4,978297777,M,25,15,55117,Crocodile Dundee (1986),Adventure|Comedy,1986,120,1
3,3168,4,978297570,M,25,15,55117,Easy Rider (1969),Adventure|Drama,1969,126,1
3,1961,4,978297095,M,25,15,55117,Rain Man (1988),Drama,1988,238,1
3,3671,5,978297419,M,25,15,55117,Blazing Saddles (1974),Comedy|Western,1974,214,1
3,2006,4,978297757,M,25,15,55117,"Mask of Zorro, The (1998)",Action|Adventure|Romance,1998,29,1
3,2871,4,978297539,M,25,15,55117,Deliverance (1972),Adventure|Thriller,1972,140,1
3,2115,4,978297777,M,25,15,55117,Indiana Jones and the Temple of Doom (1984),Action|Adventure,1984,1,1
3,1968,4,978297068,M,25,15,55117,"Breakfast Club, The (1985)",Comedy|Drama,1985,185,1
3,1136,5,978298079,M,25,15,55117,Monty Python and the Holy Grail (1974),Comedy,1974,176,1
3,2081,4,978298504,M,25,15,55117,"Little Mermaid, The (1989)",Animation|Children's|Comedy|Musical|Romance,1989,147,1
4,3468,5,978294008,M,45,7,02460,"Hustler, The (1961)",Drama,1961,238,1
4,2951,4,978294282,M,45,7,02460,"Fistful of Dollars, A (1964)",Action|Western,1964,95,1
4,1214,4,978294260,M,45,7,02460,Alien (1979),Action|Horror|Sci-Fi|Thriller,1979,77,1
4,1036,4,978294282,M,45,7,02460,Die Hard (1988),Action|Thriller,1988,92,1
4,260,5,978294199,M,45,7,02460,Star Wars: Episode IV - A New Hope (1977),Action|Adventure|Fantasy|Sci-Fi,1977,24,1
4,2028,5,978294230,M,45,7,02460,Saving Private Ryan (1998),Action|Drama|War,1998,73,1
4,480,4,978294008,M,45,7,02460,Jurassic Park (1993),Action|Adventure|Sci-Fi,1993,33,1
4,1198,5,978294199,M,45,7,02460,Raiders of the Lost Ark (1981),Action|Adventure,1981,1,1
4,1954,5,978294282,M,45,7,02460,Rocky (1976),Action|Drama,1976,64,1
4,1097,4,978293964,M,45,7,02460,E.T. the Extra-Terrestrial (1982),Children's|Drama|Fantasy|Sci-Fi,1982,169,1
4,3418,4,978294260,M,45,7,02460,Thelma & Louise (1991),Action|Drama,1991,64,1
4,3702,4,978294260,M,45,7,02460,Mad Max (1979),Action|Sci-Fi,1979,86,1
4,2366,4,978294230,M,45,7,02460,King Kong (1933),Action|Adventure|Horror,1933,25,1
4,1387,5,978294199,M,45,7,02460,Jaws (1975),Action|Horror,1975,75,1
4,1201,5,978294230,M,45,7,02460,"Good, The Bad and The Ugly, The (1966)",Action|Western,1966,95,1
4,2692,5,978294230,M,45,7,02460,Run Lola Run (Lola rennt) (1998),Action|Crime|Romance,1998,61,1
4,2947,5,978294230,M,45,7,02460,Goldfinger (1964),Action,1964,0,1
4,1240,5,978294260,M,45,7,02460,"Terminator, The (1984)",Action|Sci-Fi|Thriller,1984,87,1
5,2987,4,978243170,M,25,20,55455,Who Framed Roger Rabbit? (1988),Adventure|Animation|Film-Noir,1988,103,1
5,2333,4,978242607,M,25,20,55455,Gods and Monsters (1998),Drama,1998,238,1
5,1175,5,978244759,M,25,20,55455,Delicatessen (1991),Comedy|Sci-Fi,1991,210,1
5,2337,5,978243121,M,25,20,55455,Velvet Goldmine (1998),Drama,1998,238,1
5,1535,4,978245513,M,25,20,55455,Love! Valour! Compassion! (1997),Drama|Romance,1997,251,1
5,1392,4,978245645,M,25,20,55455,Citizen Ruth (1996),Comedy|Drama,1996,185,1
5,866,4,978245334,M,25,20,55455,Bound (1996),Crime|Drama|Romance|Thriller,1996,222,1
5,2770,4,978241981,M,25,20,55455,Bowfinger (1999),Comedy,1999,176,1
5,1759,4,978245513,M,25,20,55455,Four Days in September (1997),Drama,1997,238,1
5,506,4,978245999,M,25,20,55455,Orlando (1993),Drama,1993,238,1
5,1250,5,978241112,M,25,20,55455,"Bridge on the River Kwai, The (1957)",Drama|War,1957,261,1
5,509,4,978245829,M,25,20,55455,"Piano, The (1993)",Drama|Romance,1993,251,1
5,41,4,978244692,M,25,20,55455,Richard III (1995),Drama|War,1995,261,1
5,1610,4,978245645,M,25,20,55455,"Hunt for Red October, The (1990)",Action|Thriller,1990,92,1
5,2997,5,978241556,M,25,20,55455,Being John Malkovich (1999),Comedy,1999,176,1
5,2700,4,978243085,M,25,20,55455,"South Park: Bigger, Longer and Uncut (1999)",Animation|Comedy,1999,154,1
5,296,4,978244177,M,25,20,55455,Pulp Fiction (1994),Crime|Drama,1994,216,1
5,728,4,978244759,M,25,20,55455,Cold Comfort Farm (1995),Comedy,1995,176,1
5,2560,4,978242977,M,25,20,55455,Ravenous (1999),Drama|Horror,1999,243,1
5,2858,4,978241390,M,25,20,55455,American Beauty (1999),Comedy|Drama,1999,185,1
5,1046,5,978244114,M,25,20,55455,Beautiful Thing (1996),Drama|Romance,1996,251,1
5,515,4,978245891,M,25,20,55455,"Remains of the Day, The (1993)",Drama,1993,238,1
5,50,5,978244205,M,25,20,55455,"Usual Suspects, The (1995)",Crime|Thriller,1995,233,1
5,1192,5,978244493,M,25,20,55455,Paris Is Burning (1990),Documentary,1990,234,1
5,377,4,978245999,M,25,20,55455,Speed (1994),Action|Romance|Thriller,1994,84,1
5,3083,5,978244114,M,25,20,55455,All About My Mother (Todo Sobre Mi Madre) (1999),Comedy|Drama,1999,185,1
5,2427,5,978246450,M,25,20,55455,"Thin Red Line, The (1998)",Action|Drama|War,1998,73,1
5,2355,5,978241981,M,25,20,55455,"Bug's Life, A (1998)",Animation|Children's|Comedy,1998,145,1
5,593,4,978244177,M,25,20,55455,"Silence of the Lambs, The (1991)",Drama|Thriller,1991,259,1
5,2571,5,978244493,M,25,20,55455,"Matrix, The (1999)",Action|Sci-Fi|Thriller,1999,87,1
5,2289,4,978244568,M,25,20,55455,"Player, The (1992)",Comedy|Drama,1992,185,1
5,162,4,978244624,M,25,20,55455,Crumb (1994),Documentary,1994,234,1
5,3016,4,978242016,M,25,20,55455,Creepshow (1982),Horror,1982,273,1
5,3163,5,978244852,M,25,20,55455,Topsy-Turvy (1999),Drama,1999,238,1
5,2291,5,978244808,M,25,20,55455,Edward Scissorhands (1990),Drama|Romance,1990,251,1
5,1635,4,978245314,M,25,20,55455,"Ice Storm, The (1997)",Drama,1997,238,1
5,2723,4,978242788,M,25,20,55455,Mystery Men (1999),Action|Adventure|Comedy,1999,9,1
5,1921,4,978246162,M,25,20,55455,Pi (1998),Sci-Fi|Thriller,1998,294,1
5,2580,4,978242607,M,25,20,55455,Go (1999),Crime,1999,215,1
5,896,4,978244493,M,25,20,55455,Wild Reeds (1994),Drama,1994,238,1
5,176,4,978244568,M,25,20,55455,Living in Oblivion (1995),Comedy,1995,176,1
5,608,4,978244177,M,25,20,55455,Fargo (1996),Crime|Drama|Thriller,1996,224,1
5,1715,4,978245891,M,25,20,55455,Office Killer (1997),Thriller,1997,297,1
5,1649,4,978244667,M,25,20,55455,"Fast, Cheap & Out of Control (1997)",Documentary,1997,234,1
5,1213,5,978244177,M,25,20,55455,GoodFellas (1990),Crime|Drama,1990,216,1
5,2599,5,978242323,M,25,20,55455,Election (1999),Comedy,1999,176,1
5,2959,4,978242541,M,25,20,55455,Fight Club (1999),Drama,1999,238,1
5,908,4,978241072,M,25,20,55455,North by Northwest (1959),Drama|Thriller,1959,259,1
5,1580,4,978245999,M,25,20,55455,Men in Black (1997),Action|Adventure|Comedy|Sci-Fi,1997,14,1
5,1729,4,978245763,M,25,20,55455,Jackie Brown (1997),Crime|Drama,1997,216,1
5,2890,4,978245445,M,25,20,55455,Three Kings (1999),Drama|War,1999,261,1
5,2029,4,978246555,M,25,20,55455,Billy's Hollywood Screen Kiss (1997),Comedy|Romance,1997,206,1
5,551,4,978246504,M,25,20,55455,"Nightmare Before Christmas, The (1993)",Children's|Comedy|Musical,1993,163,1
5,1513,4,978242977,M,25,20,55455,Romy and Michele's High School Reunion (1997),Comedy,1997,176,1
5,2318,4,978242640,M,25,20,55455,Happiness (1998),Comedy,1998,176,1
5,1517,4,978245568,M,25,20,55455,Austin Powers: International Man of Mystery (1997),Comedy,1997,176,1
5,1089,5,978244205,M,25,20,55455,Reservoir Dogs (1992),Crime|Thriller,1992,233,1
5,3260,4,978245065,M,25,20,55455,Howards End (1992),Drama,1992,238,1
5,913,5,978242740,M,25,20,55455,"Maltese Falcon, The (1941)",Film-Noir|Mystery,1941,267,1
5,1730,4,978244603,M,25,20,55455,Kundun (1997),Drama,1997,238,1
5,1449,4,978244830,M,25,20,55455,Waiting for Guffman (1996),Comedy,1996,176,1
5,1732,5,978245740,M,25,20,55455,"Big Lebowski, The (1998)",Comedy|Crime|Mystery|Thriller,1998,182,1
5,2390,4,978242679,M,25,20,55455,Little Voice (1998),Comedy,1998,176,1
5,1734,4,978245334,M,25,20,55455,My Life in Pink (Ma vie en rose) (1997),Comedy|Drama,1997,185,1
5,3267,4,978244893,M,25,20,55455,"Mariachi, El (1992)",Action|Thriller,1992,92,1
5,919,4,978241072,M,25,20,55455,"Wizard of Oz, The (1939)",Adventure|Children's|Drama|Musical,1939,113,1
5,2395,5,978243054,M,25,20,55455,Rushmore (1998),Comedy,1998,176,1
5,994,5,978244540,M,25,20,55455,Big Night (1996),Drama,1996,238,1
5,1885,4,978245568,M,25,20,55455,"Opposite of Sex, The (1998)",Comedy|Drama,1998,185,1
5,348,4,978245863,M,25,20,55455,Bullets Over Broadway (1994),Comedy,1994,176,1
5,2323,4,978245445,M,25,20,55455,"Cruise, The (1998)",Documentary,1998,234,1
5,29,5,978245065,M,25,20,55455,"City of Lost Children, The (1995)",Adventure|Sci-Fi,1995,138,1
5,562,4,978244603,M,25,20,55455,Welcome to the Dollhouse (1995),Comedy|Drama,1995,185,1
5,1095,4,978245065,M,25,20,55455,Glengarry Glen Ross (1992),Drama,1992,238,1
5,1529,4,978245037,M,25,20,55455,Nowhere (1997),Drama,1997,238,1
5,2908,4,978241981,M,25,20,55455,Boys Don't Cry (1999),Drama,1999,238,1
5,2692,4,978242977,M,25,20,55455,Run Lola Run (Lola rennt) (1998),Action|Crime|Romance,1998,61,1
5,32,4,978244962,M,25,20,55455,Twelve Monkeys (1995),Drama|Sci-Fi,1995,257,1
5,1897,4,978246426,M,25,20,55455,High Art (1998),Drama|Romance,1998,251,1
5,1171,4,978244852,M,25,20,55455,Bob Roberts (1992),Comedy,1992,176,1
5,34,4,978244603,M,25,20,55455,Babe (1995),Children's|Comedy|Drama,1995,161,1
5,714,4,978244493,M,25,20,55455,Dead Man (1995),Western,1995,299,1
6,2406,5,978236670,F,50,9,55117,Romancing the Stone (1984),Action|Adventure|Comedy|Romance,1984,13,1
6,1101,4,978236670,F,50,9,55117,Top Gun (1986),Action|Romance,1986,82,1
6,3717,4,978238371,F,50,9,55117,Gone in 60 Seconds (2000),Action|Crime,2000,56,1
6,1030,4,978237691,F,50,9,55117,Pete's Dragon (1977),Adventure|Animation|Children's|Musical,1977,101,1
6,1688,5,978237570,F,50,9,55117,Anastasia (1997),Animation|Children's|Musical,1997,152,1
6,1035,5,978237767,F,50,9,55117,"Sound of Music, The (1965)",Musical,1965,280,1
6,3578,4,978238195,F,50,9,55117,Gladiator (2000),Action|Drama,2000,64,1
6,364,4,978237570,F,50,9,55117,"Lion King, The (1994)",Animation|Children's|Musical,1994,152,1
6,3501,5,978236670,F,50,9,55117,Murphy's Romance (1985),Comedy|Romance,1985,206,1
6,3072,4,978236075,F,50,9,55117,Moonstruck (1987),Comedy,1987,176,1
6,368,4,978237909,F,50,9,55117,Maverick (1994),Action|Comedy|Western,1994,55,1
6,48,5,978237570,F,50,9,55117,Pocahontas (1995),Animation|Children's|Musical|Romance,1995,153,1
6,3074,5,978238036,F,50,9,55117,Jeremiah Johnson (1972),Western,1972,299,1
6,1188,4,978236771,F,50,9,55117,Strictly Ballroom (1992),Comedy|Romance,1992,206,1
6,588,4,978237511,F,50,9,55117,Aladdin (1992),Animation|Children's|Comedy|Musical,1992,146,1
6,1,4,978237008,F,50,9,55117,Toy Story (1995),Animation|Children's|Comedy,1995,145,1
6,1043,4,978236219,F,50,9,55117,To Gillian on Her 37th Birthday (1996),Drama|Romance,1996,251,1
6,595,4,978237511,F,50,9,55117,Beauty and the Beast (1991),Animation|Children's|Musical,1991,152,1
6,597,5,978239019,F,50,9,55117,Pretty Woman (1990),Comedy|Romance,1990,206,1
6,383,4,978237909,F,50,9,55117,Wyatt Earp (1994),Western,1994,299,1
6,1566,4,978237570,F,50,9,55117,Hercules (1997),Adventure|Animation|Children's|Comedy|Musical,1997,99,1
6,1569,4,978238948,F,50,9,55117,My Best Friend's Wedding (1997),Comedy|Romance,1997,206,1
6,2006,4,978236122,F,50,9,55117,"Mask of Zorro, The (1998)",Action|Adventure|Romance,1998,29,1
6,2081,4,978236567,F,50,9,55117,"Little Mermaid, The (1989)",Animation|Children's|Comedy|Musical|Romance,1989,147,1
6,3604,5,978237767,F,50,9,55117,Gypsy (1962),Musical,1962,280,1
6,2802,4,978236612,F,50,9,55117,Tequila Sunrise (1988),Action|Romance|Thriller,1988,84,1
6,3534,4,978236219,F,50,9,55117,28 Days (2000),Comedy,2000,176,1
6,3536,5,978238230,F,50,9,55117,Keeping the Faith (2000),Comedy|Romance,2000,206,1
6,3753,5,978238195,F,50,9,55117,"Patriot, The (2000)",Action|Drama|War,2000,73,1
6,838,4,978237444,F,50,9,55117,Emma (1996),Comedy|Drama|Romance,1996,187,1
6,1947,5,978237767,F,50,9,55117,West Side Story (1961),Musical|Romance,1961,281,1
6,2966,5,978237273,F,50,9,55117,"Straight Story, The (1999)",Drama,1999,238,1
6,266,4,978237909,F,50,9,55117,Legends of the Fall (1994),Drama|Romance|War|Western,1994,255,1
6,17,4,978236383,F,50,9,55117,Sense and Sensibility (1995),Drama|Romance,1995,251,1
6,3699,4,978236567,F,50,9,55117,Starman (1984),Adventure|Drama|Romance|Sci-Fi,1984,128,1
6,1441,4,978236383,F,50,9,55117,Benny & Joon (1993),Comedy|Romance,1993,206,1
6,1088,5,978236670,F,50,9,55117,Dirty Dancing (1987),Musical|Romance,1987,281,1
6,912,4,978236122,F,50,9,55117,Casablanca (1942),Drama|Romance|War,1942,254,1
6,199,5,978237570,F,50,9,55117,"Umbrellas of Cherbourg, The (Parapluies de Cherbourg, Les) (1964)",Drama|Musical,1964,245,1
6,914,5,978237767,F,50,9,55117,My Fair Lady (1964),Musical|Romance,1964,281,1
6,3408,5,978238230,F,50,9,55117,Erin Brockovich (2000),Drama,2000,238,1
6,3624,4,978238256,F,50,9,55117,Shanghai Noon (2000),Action,2000,0,1
6,2396,4,978236809,F,50,9,55117,Shakespeare in Love (1998),Comedy|Romance,1998,206,1
6,1380,5,978237691,F,50,9,55117,Grease (1978),Comedy|Musical|Romance,1978,201,1
6,920,4,978238851,F,50,9,55117,Gone with the Wind (1939),Drama|Romance|War,1939,254,1
6,569,4,978236876,F,50,9,55117,Little Big League (1994),Children's|Comedy,1994,160,1
6,1674,4,978236567,F,50,9,55117,Witness (1985),Drama|Romance|Thriller,1985,253,1
6,3565,4,978238288,F,50,9,55117,Where the Heart Is (2000),Comedy|Drama,2000,185,1
6,1028,4,978237767,F,50,9,55117,Mary Poppins (1964),Children's|Comedy|Musical,1964,163,1
6,34,4,978237444,F,50,9,55117,Babe (1995),Children's|Comedy|Drama,1995,161,1
7,648,4,978234737,M,35,1,06810,Mission: Impossible (1996),Action|Adventure|Mystery,1996,27,1
7,861,4,978234874,M,35,1,06810,Supercop (1992),Action|Thriller,1992,92,1
7,2916,5,978234842,M,35,1,06810,Total Recall (1990),Action|Adventure|Sci-Fi|Thriller,1990,34,1
7,1610,5,978234786,M,35,1,06810,"Hunt for Red October, The (1990)",Action|Thriller,1990,92,1
7,589,5,978234786,M,35,1,06810,Terminator 2: Judgment Day (1991),Action|Sci-Fi|Thriller,1991,87,1
7,6,4,978234842,M,35,1,06810,Heat (1995),Action|Crime|Thriller,1995,63,1
7,442,4,978234632,M,35,1,06810,Demolition Man (1993),Action|Sci-Fi,1993,86,1
7,733,5,978234842,M,35,1,06810,"Rock, The (1996)",Action|Adventure|Thriller,1996,37,1
7,2353,5,978234874,M,35,1,06810,Enemy of the State (1998),Action|Thriller,1998,92,1
7,1196,5,978234632,M,35,1,06810,Star Wars: Episode V - The Empire Strikes Back (1980),Action|Adventure|Drama|Sci-Fi|War,1980,21,1
7,2571,5,978234786,M,35,1,06810,"Matrix, The (1999)",Action|Sci-Fi|Thriller,1999,87,1
7,380,5,978234874,M,35,1,06810,True Lies (1994),Action|Adventure|Comedy|Romance,1994,13,1
7,1997,5,978234737,M,35,1,06810,"Exorcist, The (1973)",Horror,1973,273,1
7,1270,4,978234581,M,35,1,06810,Back to the Future (1985),Comedy|Sci-Fi,1985,210,1
7,457,5,978234786,M,35,1,06810,"Fugitive, The (1993)",Action|Thriller,1993,92,1
7,1573,4,978234874,M,35,1,06810,Face/Off (1997),Action|Sci-Fi|Thriller,1997,87,1
7,3753,4,978234737,M,35,1,06810,"Patriot, The (2000)",Action|Drama|War,2000,73,1
7,474,5,978234842,M,35,1,06810,In the Line of Fire (1993),Action|Thriller,1993,92,1
7,1722,4,978234874,M,35,1,06810,Tomorrow Never Dies (1997),Action|Romance|Thriller,1997,84,1
7,3256,5,978234874,M,35,1,06810,Patriot Games (1992),Action|Thriller,1992,92,1
7,1580,4,978234842,M,35,1,06810,Men in Black (1997),Action|Adventure|Comedy|Sci-Fi,1997,14,1
7,110,5,978234786,M,35,1,06810,Braveheart (1995),Action|Drama|War,1995,73,1
7,1221,4,978234659,M,35,1,06810,"Godfather: Part II, The (1974)",Action|Crime|Drama,1974,57,1
7,2028,5,978234786,M,35,1,06810,Saving Private Ryan (1998),Action|Drama|War,1998,73,1
7,480,4,978234607,M,35,1,06810,Jurassic Park (1993),Action|Adventure|Sci-Fi,1993,33,1
7,349,5,978234874,M,35,1,06810,Clear and Present Danger (1994),Action|Adventure|Thriller,1994,37,1
8,288,5,978229391,M,25,12,11413,Natural Born Killers (1994),Action|Thriller,1994,92,1
8,1466,4,978230052,M,25,12,11413,Donnie Brasco (1997),Crime|Drama,1997,216,1
8,1393,5,978229702,M,25,12,11413,Jerry Maguire (1996),Drama|Romance,1996,251,1
8,1682,4,978230852,M,25,12,11413,"Truman Show, The (1998)",Drama,1998,238,1
8,2916,5,978229172,M,25,12,11413,Total Recall (1990),Action|Adventure|Sci-Fi|Thriller,1990,34,1
8,650,5,978230943,M,25,12,11413,Moll Flanders (1996),Drama,1996,238,1
8,296,5,978229857,M,25,12,11413,Pulp Fiction (1994),Crime|Drama,1994,216,1
8,3147,5,978230550,M,25,12,11413,"Green Mile, The (1999)",Drama|Thriller,1999,259,1
8,589,5,978229138,M,25,12,11413,Terminator 2: Judgment Day (1991),Action|Sci-Fi|Thriller,1991,87,1
8,1836,4,978231592,M,25,12,11413,"Last Days of Disco, The (1998)",Drama,1998,238,1
8,150,4,978230611,M,25,12,11413,Apollo 13 (1995),Drama,1995,238,1
8,151,4,978231150,M,25,12,11413,Rob Roy (1995),Drama|Romance|War,1995,254,1
8,1,4,978233496,M,25,12,11413,Toy Story (1995),Animation|Children's|Comedy,1995,145,1
8,2858,5,978229817,M,25,12,11413,American Beauty (1999),Comedy|Drama,1999,185,1
8,1265,5,978229524,M,25,12,11413,Groundhog Day (1993),Comedy|Romance,1993,206,1
8,377,4,978229204,M,25,12,11413,Speed (1994),Action|Romance|Thriller,1994,84,1
8,2427,5,978229204,M,25,12,11413,"Thin Red Line, The (1998)",Action|Drama|War,1998,73,1
8,58,5,978230286,M,25,12,11413,"Postino, Il (The Postman) (1994)",Drama|Romance,1994,251,1
8,1840,4,978230577,M,25,12,11413,He Got Game (1998),Drama,1998,238,1
8,2571,5,978229172,M,25,12,11413,"Matrix, The (1999)",Action|Sci-Fi|Thriller,1999,87,1
8,1916,5,978229293,M,25,12,11413,Buffalo 66 (1998),Action|Comedy|Drama,1998,47,1
8,230,4,978231637,M,25,12,11413,Dolores Claiborne (1994),Drama|Thriller,1994,259,1
8,1120,4,978230391,M,25,12,11413,"People vs. Larry Flynt, The (1996)",Drama,1996,238,1
8,163,5,978229246,M,25,12,11413,Desperado (1995),Action|Romance|Thriller,1995,84,1
8,1411,5,978230391,M,25,12,11413,Hamlet (1996),Drama,1996,238,1
8,524,5,978230611,M,25,12,11413,Rudy (1993),Drama,1993,238,1
8,527,4,978229857,M,25,12,11413,Schindler's List (1993),Drama|War,1993,261,1
8,1701,4,978231659,M,25,12,11413,Deconstructing Harry (1997),Comedy|Drama,1997,185,1
8,1274,5,978233462,M,25,12,11413,Akira (1988),Adventure|Animation|Sci-Fi|Thriller,1988,105,1
8,741,5,978233526,M,25,12,11413,Ghost in the Shell (Kokaku kidotai) (1995),Animation|Sci-Fi,1995,158,1
8,1704,5,978229900,M,25,12,11413,Good Will Hunting (1997),Drama,1997,238,1
8,2291,5,978229702,M,25,12,11413,Edward Scissorhands (1990),Drama|Romance,1990,251,1
8,1639,5,978229702,M,25,12,11413,Chasing Amy (1997),Drama|Romance,1997,251,1
8,3528,4,978231687,M,25,12,11413,"Prince of Tides, The (1991)",Drama|Romance,1991,251,1
8,608,5,978229857,M,25,12,11413,Fargo (1996),Crime|Drama|Thriller,1996,224,1
8,465,5,978231173,M,25,12,11413,Heaven & Earth (1993),Action|Drama|War,1993,73,1
8,2442,4,978230550,M,25,12,11413,Hilary and Jackie (1998),Drama,1998,238,1
8,1357,4,978230800,M,25,12,11413,Shine (1996),Drama|Romance,1996,251,1
8,73,4,978230286,M,25,12,11413,"Misérables, Les (1995)",Drama|Musical,1995,245,1
8,3246,4,978230391,M,25,12,11413,Malcolm X (1992),Drama,1992,238,1
8,1573,4,978228960,M,25,12,11413,Face/Off (1997),Action|Sci-Fi|Thriller,1997,87,1
8,105,4,978232056,M,25,12,11413,"Bridges of Madison County, The (1995)",Drama|Romance,1995,251,1
8,1210,4,978228789,M,25,12,11413,Star Wars: Episode VI - Return of the Jedi (1983),Action|Adventure|Romance|Sci-Fi|War,1983,30,1
8,1213,5,978229817,M,25,12,11413,GoodFellas (1990),Crime|Drama,1990,216,1
8,253,5,978230943,M,25,12,11413,Interview with the Vampire (1994),Drama|Horror,1994,243,1
8,3105,4,978230666,M,25,12,11413,Awakenings (1990),Drama,1990,238,1
8,3107,5,978229246,M,25,12,11413,Backdraft (1991),Action|Drama,1991,64,1
8,1721,5,978230800,M,25,12,11413,Titanic (1997),Drama|Romance,1997,251,1
8,3256,5,978229347,M,25,12,11413,Patriot Games (1992),Action|Thriller,1992,92,1
8,908,5,978228882,M,25,12,11413,North by Northwest (1959),Drama|Thriller,1959,259,1
8,1653,5,978230886,M,25,12,11413,Gattaca (1997),Drama|Sci-Fi|Thriller,1997,258,1
8,1580,4,978229293,M,25,12,11413,Men in Black (1997),Action|Adventure|Comedy|Sci-Fi,1997,14,1
8,110,5,978229172,M,25,12,11413,Braveheart (1995),Action|Drama|War,1995,73,1
8,111,5,978228832,M,25,12,11413,Taxi Driver (1976),Drama|Thriller,1976,259,1
8,3259,4,978231571,M,25,12,11413,Far and Away (1992),Drama|Romance,1992,251,1
8,3186,4,978230852,M,25,12,11413,"Girl, Interrupted (1999)",Drama,1999,238,1
8,1589,4,978230943,M,25,12,11413,Cop Land (1997),Crime|Drama|Mystery,1997,219,1
8,14,4,978230756,M,25,12,11413,Nixon (1995),Drama,1995,238,1
8,2028,5,978229138,M,25,12,11413,Saving Private Ryan (1998),Action|Drama|War,1998,73,1
8,337,5,978230248,M,25,12,11413,What's Eating Gilbert Grape (1993),Drama,1993,238,1
8,265,4,978229571,M,25,12,11413,Like Water for Chocolate (Como agua para chocolate) (1992),Drama|Romance,1992,251,1
8,16,4,978230095,M,25,12,11413,Casino (1995),Drama|Thriller,1995,259,1
8,266,4,978231614,M,25,12,11413,Legends of the Fall (1994),Drama|Romance|War|Western,1994,255,1
8,17,4,978229571,M,25,12,11413,Sense and Sensibility (1995),Drama|Romance,1995,251,1
8,480,5,978228960,M,25,12,11413,Jurassic Park (1993),Action|Adventure|Sci-Fi,1993,33,1
8,269,4,978231121,M,25,12,11413,My Crazy Life (Mi vida loca) (1993),Drama,1993,238,1
8,555,4,978229204,M,25,12,11413,True Romance (1993),Action|Crime|Romance,1993,61,1
8,1730,4,978230013,M,25,12,11413,Kundun (1997),Drama,1997,238,1
8,3265,5,978229138,M,25,12,11413,Hard-Boiled (Lashou shentan) (1992),Action|Crime,1992,56,1
8,1735,4,978229614,M,25,12,11413,Great Expectations (1998),Drama|Romance,1998,251,1
8,3267,5,978229204,M,25,12,11413,"Mariachi, El (1992)",Action|Thriller,1992,92,1
8,3481,4,978228882,M,25,12,11413,High Fidelity (2000),Comedy,2000,176,1
8,2396,5,978229524,M,25,12,11413,Shakespeare in Love (1998),Comedy|Romance,1998,206,1
8,2686,4,978230152,M,25,12,11413,"Red Violin, The (Le Violon rouge) (1998)",Drama|Mystery,1998,247,1
8,24,4,978230966,M,25,12,11413,Powder (1995),Drama|Sci-Fi,1995,257,1
8,25,5,978229477,M,25,12,11413,Leaving Las Vegas (1995),Drama|Romance,1995,251,1
8,349,4,978229347,M,25,12,11413,Clear and Present Danger (1994),Action|Adventure|Thriller,1994,37,1
8,562,5,978230184,M,25,12,11413,Welcome to the Dollhouse (1995),Comedy|Drama,1995,185,1
8,2329,5,978229900,M,25,12,11413,American History X (1998),Drama,1998,238,1
8,1673,5,978230356,M,25,12,11413,Boogie Nights (1997),Drama,1997,238,1
8,1678,5,978230649,M,25,12,11413,"Joy Luck Club, The (1993)",Drama,1993,238,1
8,2692,5,978229138,M,25,12,11413,Run Lola Run (Lola rennt) (1998),Action|Crime|Romance,1998,61,1
8,1027,4,978232203,M,25,12,11413,Robin Hood: Prince of Thieves (1991),Drama,1991,238,1
8,2699,5,978229347,M,25,12,11413,Arachnophobia (1990),Action|Comedy|Sci-Fi|Thriller,1990,52,1
8,36,4,978230013,M,25,12,11413,Dead Man Walking (1995),Drama,1995,238,1
9,2268,4,978226495,M,25,17,61614,"Few Good Men, A (1992)",Crime|Drama,1992,216,1
9,1466,4,978226248,M,25,17,61614,Donnie Brasco (1997),Crime|Drama,1997,216,1
9,1682,4,978226302,M,25,17,61614,"Truman Show, The (1998)",Drama,1998,238,1
9,3793,4,978225581,M,25,17,61614,X-Men (2000),Action|Sci-Fi,2000,86,1
9,720,4,978225898,M,25,17,61614,Wallace & Gromit: The Best of Aardman Animation (1996),Animation,1996,143,1
9,47,5,978226093,M,25,17,61614,Seven (Se7en) (1995),Crime|Thriller,1995,233,1
9,3147,4,978226081,M,25,17,61614,"Green Mile, The (1999)",Drama|Thriller,1999,259,1
9,1617,4,978225924,M,25,17,61614,L.A. Confidential (1997),Crime|Film-Noir|Mystery|Thriller,1997,227,1
9,2278,4,978226665,M,25,17,61614,Ronin (1998),Action|Crime|Thriller,1998,63,1
9,223,4,978226165,M,25,17,61614,Clerks (1994),Comedy,1994,176,1
9,3298,4,978225686,M,25,17,61614,Boiler Room (2000),Drama,2000,238,1
9,1,5,978225952,M,25,17,61614,Toy Story (1995),Animation|Children's|Comedy,1995,145,1
9,2858,4,978225333,M,25,17,61614,American Beauty (1999),Comedy|Drama,1999,185,1
9,50,4,978225333,M,25,17,61614,"Usual Suspects, The (1995)",Crime|Thriller,1995,233,1
9,1265,4,978226066,M,25,17,61614,Groundhog Day (1993),Comedy|Romance,1993,206,1
9,590,5,978226434,M,25,17,61614,Dances with Wolves (1990),Adventure|Drama|Western,1990,130,1
9,2355,4,978226054,M,25,17,61614,"Bug's Life, A (1998)",Animation|Children's|Comedy,1998,145,1
9,593,5,978225314,M,25,17,61614,"Silence of the Lambs, The (1991)",Drama|Thriller,1991,259,1
9,2571,5,978225984,M,25,17,61614,"Matrix, The (1999)",Action|Sci-Fi|Thriller,1999,87,1
9,300,4,978226277,M,25,17,61614,Quiz Show (1994),Drama,1994,238,1
9,1777,4,978226291,M,25,17,61614,"Wedding Singer, The (1998)",Comedy|Romance,1998,206,1
9,162,4,978226023,M,25,17,61614,Crumb (1994),Documentary,1994,234,1
9,524,4,978226599,M,25,17,61614,Rudy (1993),Drama,1993,238,1
9,527,5,978225303,M,25,17,61614,Schindler's List (1993),Drama|War,1993,261,1
9,529,5,978226564,M,25,17,61614,Searching for Bobby Fischer (1993),Drama,1993,238,1
9,457,5,978226006,M,25,17,61614,"Fugitive, The (1993)",Action|Thriller,1993,92,1
9,1704,4,978225924,M,25,17,61614,Good Will Hunting (1997),Drama,1997,238,1
9,745,4,978225898,M,25,17,61614,"Close Shave, A (1995)",Animation|Comedy|Thriller,1995,155,1
9,2294,4,978226678,M,25,17,61614,Antz (1998),Animation|Children's,1998,144,1
9,1921,4,978226368,M,25,17,61614,Pi (1998),Sci-Fi|Thriller,1998,294,1
9,1639,4,978226109,M,25,17,61614,Chasing Amy (1997),Drama|Romance,1997,251,1
9,1923,5,978226165,M,25,17,61614,There's Something About Mary (1998),Comedy,1998,176,1
9,1060,4,978226261,M,25,17,61614,Swingers (1996),Comedy|Drama,1996,185,1
9,318,5,978225883,M,25,17,61614,"Shawshank Redemption, The (1994)",Drama,1994,238,1
9,608,4,978225898,M,25,17,61614,Fargo (1996),Crime|Drama|Thriller,1996,224,1
9,1358,4,978226207,M,25,17,61614,Sling Blade (1996),Drama|Thriller,1996,259,1
9,3751,4,978224859,M,25,17,61614,Chicken Run (2000),Animation|Children's|Comedy,2000,145,1
9,1210,4,978224893,M,25,17,61614,Star Wars: Episode VI - Return of the Jedi (1983),Action|Adventure|Romance|Sci-Fi|War,1983,30,1
9,1213,4,978225314,M,25,17,61614,GoodFellas (1990),Crime|Drama,1990,216,1
9,2302,4,978226463,M,25,17,61614,My Cousin Vinny (1992),Comedy,1992,176,1
9,1500,4,978226123,M,25,17,61614,Grosse Pointe Blank (1997),Comedy|Crime,1997,177,1
9,2959,4,978226123,M,25,17,61614,Fight Club (1999),Drama,1999,238,1
9,1148,4,978225333,M,25,17,61614,"Wrong Trousers, The (1993)",Animation|Comedy,1993,154,1
9,2166,4,978226197,M,25,17,61614,Return to Paradise (1998),Drama|Romance,1998,251,1
9,1721,5,978226248,M,25,17,61614,Titanic (1997),Drama|Romance,1997,251,1
9,3253,4,978226165,M,25,17,61614,Wayne's World (1992),Comedy,1992,176,1
9,3255,4,978226216,M,25,17,61614,"League of Their Own, A (1992)",Comedy|Drama,1992,185,1
9,1653,4,978226619,M,25,17,61614,Gattaca (1997),Drama|Sci-Fi|Thriller,1997,258,1
9,1584,5,978226233,M,25,17,61614,Contact (1997),Drama|Sci-Fi,1997,257,1
9,1221,4,978224908,M,25,17,61614,"Godfather: Part II, The (1974)",Action|Crime|Drama,1974,57,1
9,1223,4,978225968,M,25,17,61614,"Grand Day Out, A (1992)",Animation|Comedy,1992,154,1
9,2890,5,978226291,M,25,17,61614,Three Kings (1999),Drama|War,1999,261,1
9,2028,5,978225908,M,25,17,61614,Saving Private Ryan (1998),Action|Drama|War,1998,73,1
9,3114,4,978225952,M,25,17,61614,Toy Story 2 (1999),Animation|Children's|Comedy,1999,145,1
9,16,4,978226599,M,25,17,61614,Casino (1995),Drama|Thriller,1995,259,1
9,480,4,978226448,M,25,17,61614,Jurassic Park (1993),Action|Adventure|Sci-Fi,1993,33,1
9,1089,4,978225968,M,25,17,61614,Reservoir Dogs (1992),Crime|Thriller,1992,233,1
9,912,4,978224879,M,25,17,61614,Casablanca (1942),Drama|Romance|War,1942,254,1
9,3408,4,978225570,M,25,17,61614,Erin Brockovich (2000),Drama,2000,238,1
9,3623,4,978225671,M,25,17,61614,Mission: Impossible 2 (2000),Action|Thriller,2000,92,1
9,778,5,978226248,M,25,17,61614,Trainspotting (1996),Drama,1996,238,1
9,994,4,978226328,M,25,17,61614,Big Night (1996),Drama,1996,238,1
9,1307,4,978225429,M,25,17,61614,When Harry Met Sally... (1989),Comedy|Romance,1989,206,1
9,25,4,978226041,M,25,17,61614,Leaving Las Vegas (1995),Drama|Romance,1995,251,1
9,2324,5,978226066,M,25,17,61614,Life Is Beautiful (La Vita è bella) (1997),Comedy|Drama,1997,185,1
9,349,4,978226564,M,25,17,61614,Clear and Present Danger (1994),Action|Adventure|Thriller,1994,37,1
9,2762,4,978225984,M,25,17,61614,"Sixth Sense, The (1999)",Thriller,1999,297,1
9,1961,5,978224859,M,25,17,61614,Rain Man (1988),Drama,1988,238,1
9,2692,4,978225429,M,25,17,61614,Run Lola Run (Lola rennt) (1998),Action|Crime|Romance,1998,61,1
10,2622,5,978228212,F,35,1,95370,"Midsummer Night's Dream, A (1999)",Comedy|Fantasy,1999,192,1
10,648,4,978224925,F,35,1,95370,Mission: Impossible (1996),Action|Adventure|Mystery,1996,27,1
10,3358,5,978226378,F,35,1,95370,Defending Your Life (1991),Comedy|Romance,1991,206,1
10,1682,5,978226319,F,35,1,95370,"Truman Show, The (1998)",Drama,1998,238,1
10,1756,4,978228655,F,35,1,95370,"Prophecy II, The (1998)",Horror,1998,273,1
10,2125,5,979167795,F,35,1,95370,Ever After: A Cinderella Story (1998),Drama|Romance,1998,251,1
10,2054,4,978229409,F,35,1,95370,"Honey, I Shrunk the Kids (1989)",Adventure|Children's|Comedy|Fantasy|Sci-Fi,1989,110,1
10,1253,5,978226866,F,35,1,95370,"Day the Earth Stood Still, The (1951)",Drama|Sci-Fi,1951,257,1
10,720,5,979775240,F,35,1,95370,Wallace & Gromit: The Best of Aardman Animation (1996),Animation,1996,143,1
10,3500,5,978228153,F,35,1,95370,Mr. Saturday Night (1992),Comedy|Drama,1992,185,1
10,1257,5,978227300,F,35,1,95370,Better Off Dead... (1985),Comedy,1985,176,1
10,3501,5,978228911,F,35,1,95370,Murphy's Romance (1985),Comedy|Romance,1985,206,1
10,2997,4,978226026,F,35,1,95370,Being John Malkovich (1999),Comedy,1999,176,1
10,653,4,978227051,F,35,1,95370,Dragonheart (1996),Action|Adventure|Fantasy,1996,23,1
10,1831,5,979776206,F,35,1,95370,Lost in Space (1998),Action|Sci-Fi|Thriller,1998,87,1
10,3363,5,978227696,F,35,1,95370,American Graffiti (1973),Comedy|Drama,1973,185,1
10,587,5,978227028,F,35,1,95370,Ghost (1990),Comedy|Romance|Thriller,1990,208,1
10,588,4,978225900,F,35,1,95370,Aladdin (1992),Animation|Children's|Comedy|Musical,1992,146,1
10,589,4,978226128,F,35,1,95370,Terminator 2: Judgment Day (1991),Action|Sci-Fi|Thriller,1991,87,1
10,1690,4,978230253,F,35,1,95370,Alien: Resurrection (1997),Action|Horror|Sci-Fi,1997,76,1
10,3296,4,978226103,F,35,1,95370,To Sir with Love (1967),Drama,1967,238,1
10,150,5,978226319,F,35,1,95370,Apollo 13 (1995),Drama,1995,238,1
10,2496,4,978227087,F,35,1,95370,Blast from the Past (1999),Comedy|Romance,1999,206,1
10,1,5,978226474,F,35,1,95370,Toy Story (1995),Animation|Children's|Comedy,1995,145,1
10,2497,4,978229979,F,35,1,95370,Message in a Bottle (1999),Romance,1999,289,1
10,2,5,979168267,F,35,1,95370,Jumanji (1995),Adventure|Children's|Fantasy,1995,115,1
10,2498,4,979776161,F,35,1,95370,My Favorite Martian (1999),Comedy|Sci-Fi,1999,210,1
10,7,4,978227763,F,35,1,95370,Sabrina (1995),Comedy|Romance,1995,206,1
10,2133,4,978229171,F,35,1,95370,Adventures in Babysitting (1987),Adventure|Comedy,1987,120,1
10,2135,4,978224779,F,35,1,95370,Doctor Dolittle (1967),Adventure|Musical,1967,134,1
10,3948,4,978295480,F,35,1,95370,Meet the Parents (2000),Comedy,2000,176,1
10,2136,4,978230063,F,35,1,95370,"Nutty Professor, The (1963)",Comedy,1963,176,1
10,2137,4,978227842,F,35,1,95370,Charlotte's Web (1973),Animation|Children's,1973,144,1
10,1408,4,978227188,F,35,1,95370,"Last of the Mohicans, The (1992)",Action|Romance|War,1992,85,1
10,802,5,978226425,F,35,1,95370,Phenomenon (1996),Drama|Romance,1996,251,1
10,1409,5,978229624,F,35,1,95370,Michael (1996),Comedy|Romance,1996,206,1
10,1265,5,979167660,F,35,1,95370,Groundhog Day (1993),Comedy|Romance,1993,206,1
10,1339,5,979168036,F,35,1,95370,Bram Stoker's Dracula (1992),Horror|Romance,1992,276,1
10,1269,5,978226500,F,35,1,95370,Arsenic and Old Lace (1944),Comedy|Mystery|Thriller,1944,205,1
10,1196,5,979168108,F,35,1,95370,Star Wars: Episode V - The Empire Strikes Back (1980),Action|Adventure|Drama|Sci-Fi|War,1980,21,1
10,590,5,978227646,F,35,1,95370,Dances with Wolves (1990),Adventure|Drama|Western,1990,130,1
10,1197,5,979167660,F,35,1,95370,"Princess Bride, The (1987)",Action|Adventure|Comedy|Romance,1987,13,1
10,1198,5,978225630,F,35,1,95370,Raiders of the Lost Ark (1981),Action|Adventure,1981,1,1
10,2640,5,979168210,F,35,1,95370,Superman (1978),Action|Adventure|Sci-Fi,1978,33,1
10,592,4,978227263,F,35,1,95370,Batman (1989),Action|Adventure|Crime|Drama,1989,17,1
10,594,5,978226913,F,35,1,95370,Snow White and the Seven Dwarfs (1937),Animation|Children's|Musical,1937,152,1
10,2716,4,978225952,F,35,1,95370,Ghostbusters (1984),Comedy|Horror,1984,195,1
10,595,5,980638533,F,35,1,95370,Beauty and the Beast (1991),Animation|Children's|Musical,1991,152,1
10,2717,4,979775973,F,35,1,95370,Ghostbusters II (1989),Comedy|Horror,1989,195,1
10,2571,5,979168108,F,35,1,95370,"Matrix, The (1999)",Action|Sci-Fi|Thriller,1999,87,1
10,596,4,978228174,F,35,1,95370,Pinocchio (1940),Animation|Children's,1940,144,1
10,3447,5,980638373,F,35,1,95370,"Good Earth, The (1937)",Drama,1937,238,1
10,597,4,978224375,F,35,1,95370,Pretty Woman (1990),Comedy|Romance,1990,206,1
10,2140,5,979168295,F,35,1,95370,"Dark Crystal, The (1982)",Children's|Fantasy|Sci-Fi,1982,172,1
10,1411,4,978226287,F,35,1,95370,Hamlet (1996),Drama,1996,238,1
10,2072,4,978230923,F,35,1,95370,"'burbs, The (1989)",Comedy,1989,176,1
10,1270,4,978225735,F,35,1,95370,Back to the Future (1985),Comedy|Sci-Fi,1985,210,1
10,1271,5,978226349,F,35,1,95370,Fried Green Tomatoes (1991),Drama,1991,238,1
10,2078,4,978227646,F,35,1,95370,"Jungle Book, The (1967)",Animation|Children's|Comedy|Musical,1967,146,1
10,1278,5,978225922,F,35,1,95370,Young Frankenstein (1974),Comedy|Horror,1974,195,1
10,745,5,979168564,F,35,1,95370,"Close Shave, A (1995)",Animation|Comedy|Thriller,1995,155,1
10,3451,5,978226739,F,35,1,95370,Guess Who's Coming to Dinner (1967),Comedy|Drama,1967,185,1
10,1921,4,978227503,F,35,1,95370,Pi (1998),Sci-Fi|Thriller,1998,294,1
10,1923,5,978228288,F,35,1,95370,There's Something About Mary (1998),Comedy,1998,176,1
10,3386,4,978227379,F,35,1,95370,JFK (1991),Drama|Mystery,1991,247,1
10,2657,4,978224779,F,35,1,95370,"Rocky Horror Picture Show, The (1975)",Comedy|Horror|Musical|Sci-Fi,1975,197,1
10,1784,5,979168470,F,35,1,95370,As Good As It Gets (1997),Comedy|Drama,1997,185,1
10,316,5,978227503,F,35,1,95370,Stargate (1994),Action|Adventure|Sci-Fi,1994,33,1
10,317,4,978228625,F,35,1,95370,"Santa Clause, The (1994)",Children's|Comedy|Fantasy,1994,162,1
10,318,4,979775159,F,35,1,95370,"Shawshank Redemption, The (1994)",Drama,1994,238,1
10,248,5,978229811,F,35,1,95370,Houseguest (1994),Comedy,1994,176,1
10,2080,4,978226866,F,35,1,95370,Lady and the Tramp (1955),Animation|Children's|Comedy|Musical|Romance,1955,147,1
10,2081,5,978228053,F,35,1,95370,"Little Mermaid, The (1989)",Animation|Children's|Comedy|Musical|Romance,1989,147,1
10,1282,5,978224549,F,35,1,95370,Fantasia (1940),Animation|Children's|Musical,1940,152,1
10,1356,5,978227871,F,35,1,95370,Star Trek: First Contact (1996),Action|Adventure|Sci-Fi,1996,33,1
10,750,4,979775386,F,35,1,95370,Dr. Strangelove or: How I Learned to Stop Worrying and Love the Bomb (1963),Sci-Fi|War,1963,296,1
10,1357,5,978227625,F,35,1,95370,Shine (1996),Drama|Romance,1996,251,1
10,2087,5,979775738,F,35,1,95370,Peter Pan (1953),Animation|Children's|Fantasy|Musical,1953,150,1
10,1286,5,979167906,F,35,1,95370,Somewhere in Time (1980),Drama|Romance,1980,251,1
10,2804,5,978227003,F,35,1,95370,"Christmas Story, A (1983)",Comedy|Drama,1983,185,1
10,2662,4,978227529,F,35,1,95370,"War of the Worlds, The (1953)",Action|Sci-Fi|War,1953,90,1
10,3466,5,979168267,F,35,1,95370,Heart and Souls (1993),Comedy|Fantasy,1993,192,1
10,2300,5,978225682,F,35,1,95370,"Producers, The (1968)",Comedy|Musical,1968,200,1
10,253,5,978228886,F,35,1,95370,Interview with the Vampire (1994),Drama|Horror,1994,243,1
10,2599,5,979168618,F,35,1,95370,Election (1999),Comedy,1999,176,1
10,2302,5,978227317,F,35,1,95370,My Cousin Vinny (1992),Comedy,1992,176,1
10,329,5,978229147,F,35,1,95370,Star Trek: Generations (1994),Action|Adventure|Sci-Fi,1994,33,1
10,3034,4,980638330,F,35,1,95370,Robin Hood (1973),Animation|Children's,1973,144,1
10,3108,5,979168036,F,35,1,95370,"Fisher King, The (1991)",Comedy|Drama|Romance,1991,187,1
10,2161,5,978228212,F,35,1,95370,"NeverEnding Story, The (1984)",Adventure|Children's|Fantasy,1984,115,1
10,3037,5,978225682,F,35,1,95370,Little Big Man (1970),Comedy|Drama|Western,1970,191,1
10,2090,4,978228820,F,35,1,95370,"Rescuers, The (1977)",Animation|Children's,1977,144,1
10,3039,4,978228053,F,35,1,95370,Trading Places (1983),Comedy,1983,176,1
10,902,5,979167926,F,35,1,95370,Breakfast at Tiffany's (1961),Drama|Romance,1961,251,1
10,830,5,978229716,F,35,1,95370,"First Wives Club, The (1996)",Comedy,1996,176,1
10,2093,4,978229624,F,35,1,95370,Return to Oz (1985),Adventure|Children's|Fantasy|Sci-Fi,1985,116,1
10,1291,5,978225735,F,35,1,95370,Indiana Jones and the Last Crusade (1989),Action|Adventure,1989,1,1
10,904,4,979775329,F,35,1,95370,Rear Window (1954),Mystery|Thriller,1954,288,1
10,2094,4,978229097,F,35,1,95370,"Rocketeer, The (1991)",Action|Adventure|Sci-Fi,1991,33,1
10,1292,5,979775615,F,35,1,95370,Being There (1979),Comedy,1979,176,1
10,1293,4,978225682,F,35,1,95370,Gandhi (1982),Drama,1982,238,1
10,2096,5,979775364,F,35,1,95370,Sleeping Beauty (1959),Animation|Children's|Musical,1959,152,1
10,1294,4,978225952,F,35,1,95370,M*A*S*H (1970),Comedy|War,1970,213,1
10,765,4,978230330,F,35,1,95370,Jack (1996),Comedy|Drama,1996,185,1
10,3471,5,978226231,F,35,1,95370,Close Encounters of the Third Kind (1977),Drama|Sci-Fi,1977,257,1
10,2746,5,978228307,F,35,1,95370,Little Shop of Horrors (1986),Comedy|Horror|Musical,1986,196,1
10,1009,5,979168267,F,35,1,95370,Escape to Witch Mountain (1975),Adventure|Children's|Fantasy,1975,115,1
10,1947,5,978226805,F,35,1,95370,West Side Story (1961),Musical|Romance,1961,281,1
10,1948,4,978224400,F,35,1,95370,Tom Jones (1963),Comedy,1963,176,1
10,260,5,979168077,F,35,1,95370,Star Wars: Episode IV - A New Hope (1977),Action|Adventure|Fantasy|Sci-Fi,1977,24,1
10,3114,4,978225759,F,35,1,95370,Toy Story 2 (1999),Animation|Children's|Comedy,1999,145,1
10,2312,5,978224549,F,35,1,95370,Children of a Lesser God (1986),Drama,1986,238,1
10,339,5,979167945,F,35,1,95370,While You Were Sleeping (1995),Comedy|Romance,1995,206,1
10,2316,4,978229666,F,35,1,95370,Practical Magic (1998),Drama|Romance,1998,251,1
10,1441,5,978228451,F,35,1,95370,Benny & Joon (1993),Comedy|Romance,1993,206,1
10,1371,4,978229517,F,35,1,95370,Star Trek: The Motion Picture (1979),Action|Adventure|Sci-Fi,1979,33,1
10,2174,5,978227669,F,35,1,95370,Beetlejuice (1988),Comedy|Fantasy,1988,192,1
10,1372,4,978228288,F,35,1,95370,Star Trek VI: The Undiscovered Country (1991),Action|Adventure|Sci-Fi,1991,33,1
10,1374,4,979168160,F,35,1,95370,Star Trek: The Wrath of Khan (1982),Action|Adventure|Sci-Fi,1982,33,1
10,914,5,978226805,F,35,1,95370,My Fair Lady (1964),Musical|Romance,1964,281,1
10,1375,4,978228212,F,35,1,95370,Star Trek III: The Search for Spock (1984),Action|Adventure|Sci-Fi,1984,33,1
10,915,5,978227215,F,35,1,95370,Sabrina (1954),Comedy|Romance,1954,206,1
10,1376,4,979168132,F,35,1,95370,Star Trek IV: The Voyage Home (1986),Action|Adventure|Sci-Fi,1986,33,1
10,916,5,979168424,F,35,1,95370,Roman Holiday (1953),Comedy|Romance,1953,206,1
10,918,5,978227215,F,35,1,95370,Meet Me in St. Louis (1944),Musical,1944,280,1
10,919,5,978225561,F,35,1,95370,"Wizard of Oz, The (1939)",Adventure|Children's|Drama|Musical,1939,113,1
10,3481,4,978225050,F,35,1,95370,High Fidelity (2000),Comedy,2000,176,1
10,2826,4,978230540,F,35,1,95370,"13th Warrior, The (1999)",Action|Horror|Thriller,1999,78,1
10,1016,5,978229171,F,35,1,95370,"Shaggy Dog, The (1959)",Children's|Comedy,1959,160,1
10,1019,4,978227763,F,35,1,95370,"20,000 Leagues Under the Sea (1954)",Adventure|Children's|Fantasy|Sci-Fi,1954,116,1
10,3489,4,979168295,F,35,1,95370,Hook (1991),Adventure|Fantasy,1991,131,1
10,1959,5,978230330,F,35,1,95370,Out of Africa (1985),Drama|Romance,1985,251,1
10,344,4,978229343,F,35,1,95370,Ace Ventura: Pet Detective (1994),Comedy,1994,176,1
10,2321,4,978227336,F,35,1,95370,Pleasantville (1998),Comedy,1998,176,1
10,275,4,979776321,F,35,1,95370,Mixed Nuts (1994),Comedy,1994,176,1
10,2324,5,978226287,F,35,1,95370,Life Is Beautiful (La Vita è bella) (1997),Comedy|Drama,1997,185,1
10,2252,5,980638688,F,35,1,95370,Hero (1992),Comedy|Drama,1992,185,1
10,1380,5,978229336,F,35,1,95370,Grease (1978),Comedy|Musical|Romance,1978,201,1
10,920,5,978227029,F,35,1,95370,Gone with the Wind (1939),Drama|Romance|War,1939,254,1
10,780,5,978228625,F,35,1,95370,Independence Day (ID4) (1996),Action|Sci-Fi|War,1996,90,1
10,926,4,978226212,F,35,1,95370,All About Eve (1950),Drama,1950,238,1
10,1022,5,979775689,F,35,1,95370,Cinderella (1950),Animation|Children's|Musical,1950,152,1
10,2762,5,978225541,F,35,1,95370,"Sixth Sense, The (1999)",Thriller,1999,297,1
10,1023,5,979775485,F,35,1,95370,Winnie the Pooh and the Blustery Day (1968),Animation|Children's,1968,144,1
10,1961,5,979775330,F,35,1,95370,Rain Man (1988),Drama,1988,238,1
10,1025,4,978228074,F,35,1,95370,"Sword in the Stone, The (1963)",Animation|Children's,1963,144,1
10,2693,5,980638633,F,35,1,95370,Trekkies (1997),Documentary,1997,234,1
10,1028,5,978226068,F,35,1,95370,Mary Poppins (1964),Children's|Comedy|Musical,1964,163,1
10,1967,5,978227442,F,35,1,95370,Labyrinth (1986),Adventure|Children's|Fantasy,1986,115,1
10,351,4,978229562,F,35,1,95370,"Corrina, Corrina (1994)",Comedy|Drama|Romance,1994,187,1
10,32,5,979168160,F,35,1,95370,Twelve Monkeys (1995),Drama|Sci-Fi,1995,257,1
10,282,5,978229716,F,35,1,95370,Nell (1994),Drama,1994,238,1
10,356,5,978226833,F,35,1,95370,Forrest Gump (1994),Comedy|Romance|War,1994,209,1
10,357,5,979167887,F,35,1,95370,Four Weddings and a Funeral (1994),Comedy|Romance,1994,206,1
10,2405,4,978230754,F,35,1,95370,"Jewel of the Nile, The (1985)",Action|Adventure|Comedy|Romance,1985,13,1
10,2407,5,979168184,F,35,1,95370,Cocoon (1985),Comedy|Sci-Fi,1985,210,1
10,2336,5,978226165,F,35,1,95370,Elizabeth (1998),Drama,1998,238,1
10,2193,5,979168295,F,35,1,95370,Willow (1988),Action|Adventure|Fantasy,1988,23,1
10,938,4,978229273,F,35,1,95370,Gigi (1958),Musical,1958,280,1
10,1101,4,978228153,F,35,1,95370,Top Gun (1986),Action|Romance,1986,82,1
10,2770,4,978230253,F,35,1,95370,Bowfinger (1999),Comedy,1999,176,1
10,1031,4,978228546,F,35,1,95370,Bedknobs and Broomsticks (1971),Adventure|Children's|Musical,1971,117,1
10,1104,4,978227263,F,35,1,95370,"Streetcar Named Desire, A (1951)",Drama,1951,238,1
10,1032,4,978228428,F,35,1,95370,Alice in Wonderland (1951),Animation|Children's|Musical,1951,152,1
10,2918,5,978225922,F,35,1,95370,Ferris Bueller's Day Off (1986),Comedy,1986,176,1
10,1035,5,979775485,F,35,1,95370,"Sound of Music, The (1965)",Musical,1965,280,1
10,435,4,978229498,F,35,1,95370,Coneheads (1993),Comedy|Sci-Fi,1993,210,1
10,364,4,978226698,F,35,1,95370,"Lion King, The (1994)",Animation|Children's|Musical,1994,152,1
10,292,4,978228798,F,35,1,95370,Outbreak (1995),Action|Drama|Thriller,1995,71,1
10,367,4,979168267,F,35,1,95370,"Mask, The (1994)",Comedy|Crime|Fantasy,1994,180,1
10,3072,4,978228930,F,35,1,95370,Moonstruck (1987),Comedy,1987,176,1
10,368,4,978227003,F,35,1,95370,Maverick (1994),Action|Comedy|Western,1994,55,1
10,48,4,978230090,F,35,1,95370,Pocahontas (1995),Animation|Children's|Musical|Romance,1995,153,1
10,1544,4,978224749,F,35,1,95370,"Lost World: Jurassic Park, The (1997)",Action|Adventure|Sci-Fi|Thriller,1997,34,1
10,943,4,978227166,F,35,1,95370,"Ghost and Mrs. Muir, The (1947)",Drama|Romance,1947,251,1
10,3723,4,978226896,F,35,1,95370,Hamlet (1990),Drama,1990,238,1
10,1042,5,978228601,F,35,1,95370,That Thing You Do! (1996),Comedy,1996,176,1
10,2423,5,978228930,F,35,1,95370,Christmas Vacation (1989),Comedy,1989,176,1
10,2424,5,978229666,F,35,1,95370,You've Got Mail (1998),Comedy|Romance,1998,206,1
10,3155,5,978224705,F,35,1,95370,Anna and the King (1999),Drama|Romance,1999,251,1
10,2355,4,978226500,F,35,1,95370,"Bug's Life, A (1998)",Animation|Children's|Comedy,1998,145,1
10,3086,4,978227574,F,35,1,95370,March of the Wooden Soldiers (a.k.a. Laurel & Hardy in Toyland) (1934),Comedy,1934,176,1
10,3087,5,978226500,F,35,1,95370,Scrooged (1988),Comedy,1988,176,1
10,953,5,978226474,F,35,1,95370,It's a Wonderful Life (1946),Drama,1946,238,1
10,954,5,978225922,F,35,1,95370,Mr. Smith Goes to Washington (1939),Drama,1939,238,1
10,3809,5,978228451,F,35,1,95370,What About Bob? (1991),Comedy,1991,176,1
10,3591,5,978228525,F,35,1,95370,Mr. Mom (1983),Comedy|Drama,1983,185,1
10,2863,4,978226443,F,35,1,95370,"Hard Day's Night, A (1964)",Comedy|Musical,1964,200,1
10,1124,5,978229075,F,35,1,95370,On Golden Pond (1981),Drama,1981,238,1
10,3593,4,979776253,F,35,1,95370,Battlefield Earth (2000),Action|Sci-Fi,2000,86,1
10,2791,4,978224705,F,35,1,95370,Airplane! (1980),Comedy,1980,176,1
10,1125,4,978229562,F,35,1,95370,"Return of the Pink Panther, The (1974)",Comedy,1974,176,1
10,520,4,978230923,F,35,1,95370,Robin Hood: Men in Tights (1993),Comedy,1993,176,1
10,3668,4,979167795,F,35,1,95370,Romeo and Juliet (1968),Drama|Romance,1968,251,1
10,1127,4,979168108,F,35,1,95370,"Abyss, The (1989)",Action|Adventure|Sci-Fi|Thriller,1989,34,1
10,1129,4,979168210,F,35,1,95370,Escape from New York (1981),Action|Adventure|Sci-Fi|Thriller,1981,34,1
10,2797,5,979168267,F,35,1,95370,Big (1988),Comedy|Fantasy,1988,192,1
10,1059,5,979168008,F,35,1,95370,William Shakespeare's Romeo and Juliet (1996),Drama|Romance,1996,251,1
10,2501,5,978226402,F,35,1,95370,October Sky (1999),Drama,1999,238,1
10,527,4,979775615,F,35,1,95370,Schindler's List (1993),Drama|War,1993,261,1
10,2431,5,978229147,F,35,1,95370,Patch Adams (1998),Comedy|Drama,1998,185,1
10,62,5,978227051,F,35,1,95370,Mr. Holland's Opus (1995),Drama,1995,238,1
10,1704,5,980638575,F,35,1,95370,Good Will Hunting (1997),Drama,1997,238,1
10,1633,4,978229266,F,35,1,95370,Ulee's Gold (1997),Drama,1997,238,1
10,2436,5,978229227,F,35,1,95370,Tea with Mussolini (1999),Comedy,1999,176,1
10,2291,4,978226896,F,35,1,95370,Edward Scissorhands (1990),Drama|Romance,1990,251,1
10,3095,4,978226212,F,35,1,95370,"Grapes of Wrath, The (1940)",Drama,1940,238,1
10,2294,4,978227625,F,35,1,95370,Antz (1998),Animation|Children's,1998,144,1
10,3097,5,978226951,F,35,1,95370,"Shop Around the Corner, The (1940)",Comedy|Romance,1940,206,1
10,3812,4,978229959,F,35,1,95370,Everything You Always Wanted to Know About Sex (1972),Comedy,1972,176,1
10,2000,5,978226319,F,35,1,95370,Lethal Weapon (1987),Action|Comedy|Crime|Drama,1987,45,1
10,963,5,978227669,F,35,1,95370,"Inspector General, The (1949)",Musical,1949,280,1
10,2001,4,978227669,F,35,1,95370,Lethal Weapon 2 (1989),Action|Comedy|Crime|Drama,1989,45,1
10,1200,5,979168160,F,35,1,95370,Aliens (1986),Action|Sci-Fi|Thriller|War,1986,88,1
10,2002,4,978229562,F,35,1,95370,Lethal Weapon 3 (1992),Action|Comedy|Crime|Drama,1992,45,1
10,2003,4,978227807,F,35,1,95370,Gremlins (1984),Comedy|Horror,1984,195,1
10,3671,4,978226287,F,35,1,95370,Blazing Saddles (1974),Comedy|Western,1974,214,1
10,2005,4,978229459,F,35,1,95370,"Goonies, The (1985)",Adventure|Children's|Fantasy,1985,115,1
10,1204,4,978225456,F,35,1,95370,Lawrence of Arabia (1962),Adventure|War,1962,141,1
10,2872,4,978226186,F,35,1,95370,Excalibur (1981),Action|Drama|Fantasy|Romance,1981,65,1
10,3675,5,978224779,F,35,1,95370,White Christmas (1954),Musical,1954,280,1
10,898,4,979167630,F,35,1,95370,"Philadelphia Story, The (1940)",Comedy|Romance,1940,206,1
10,2009,4,979168210,F,35,1,95370,Soylent Green (1973),Sci-Fi|Thriller,1973,294,1
10,2874,5,978227188,F,35,1,95370,"Pajama Game, The (1957)",Comedy,1957,176,1
10,899,4,979167758,F,35,1,95370,Singin' in the Rain (1952),Musical|Romance,1952,281,1
10,1135,4,978229435,F,35,1,95370,Private Benjamin (1980),Comedy,1980,176,1
10,2948,4,978227166,F,35,1,95370,From Russia with Love (1963),Action,1963,0,1
10,1136,4,979168424,F,35,1,95370,Monty Python and the Holy Grail (1974),Comedy,1974,176,1
10,539,5,978227239,F,35,1,95370,Sleepless in Seattle (1993),Comedy|Romance,1993,206,1
10,2371,4,978227625,F,35,1,95370,Fletch (1985),Comedy,1985,176,1
10,3247,4,978227481,F,35,1,95370,Sister Act (1992),Comedy|Crime,1992,177,1
10,3174,4,978228364,F,35,1,95370,Man on the Moon (1999),Comedy|Drama,1999,185,1
10,3175,5,979168132,F,35,1,95370,Galaxy Quest (1999),Adventure|Comedy|Sci-Fi,1999,124,1
10,2375,4,978230090,F,35,1,95370,"Money Pit, The (1986)",Comedy,1986,176,1
10,1573,5,978229389,F,35,1,95370,Face/Off (1997),Action|Sci-Fi|Thriller,1997,87,1
10,971,5,978227551,F,35,1,95370,Cat on a Hot Tin Roof (1958),Drama,1958,238,1
10,2011,4,978228118,F,35,1,95370,Back to the Future Part II (1989),Comedy|Sci-Fi,1989,210,1
10,3751,5,978224549,F,35,1,95370,Chicken Run (2000),Animation|Children's|Comedy,2000,145,1
10,1210,4,978224400,F,35,1,95370,Star Wars: Episode VI - Return of the Jedi (1983),Action|Adventure|Romance|Sci-Fi|War,1983,30,1
10,2012,5,978228174,F,35,1,95370,Back to the Future Part III (1990),Comedy|Sci-Fi|Western,1990,211,1
10,2015,5,978228601,F,35,1,95370,"Absent Minded Professor, The (1961)",Children's|Comedy|Fantasy,1961,162,1
10,1214,4,978225800,F,35,1,95370,Alien (1979),Action|Horror|Sci-Fi|Thriller,1979,77,1
10,1215,4,978225824,F,35,1,95370,Army of Darkness (1993),Action|Adventure|Comedy|Horror|Sci-Fi,1993,12,1
10,2018,4,978227993,F,35,1,95370,Bambi (1942),Animation|Children's,1942,144,1
10,1073,5,979168267,F,35,1,95370,Willy Wonka and the Chocolate Factory (1971),Adventure|Children's|Comedy|Fantasy,1971,108,1
10,541,5,978225630,F,35,1,95370,Blade Runner (1982),Film-Noir|Sci-Fi,1982,270,1
10,542,4,978230386,F,35,1,95370,Son in Law (1993),Comedy,1993,176,1
10,1148,5,978225541,F,35,1,95370,"Wrong Trousers, The (1993)",Animation|Comedy,1993,154,1
10,543,4,978228848,F,35,1,95370,So I Married an Axe Murderer (1993),Comedy|Romance|Thriller,1993,208,1
10,1079,5,978225800,F,35,1,95370,"Fish Called Wanda, A (1988)",Comedy,1988,176,1
10,3255,4,978227143,F,35,1,95370,"League of Their Own, A (1992)",Comedy|Drama,1992,185,1
10,2453,4,978228798,F,35,1,95370,"Boy Who Could Fly, The (1986)",Drama|Fantasy,1986,239,1
10,110,4,978225853,F,35,1,95370,Braveheart (1995),Action|Drama|War,1995,73,1
10,1580,5,978226401,F,35,1,95370,Men in Black (1997),Action|Adventure|Comedy|Sci-Fi,1997,14,1
10,1653,5,978227239,F,35,1,95370,Gattaca (1997),Drama|Sci-Fi|Thriller,1997,258,1
10,2529,4,978226866,F,35,1,95370,Planet of the Apes (1968),Action|Sci-Fi,1968,86,1
10,1654,5,979168346,F,35,1,95370,FairyTale: A True Story (1997),Children's|Drama|Fantasy,1997,168,1
10,3259,5,978228644,F,35,1,95370,Far and Away (1992),Drama|Romance,1992,251,1
10,1583,4,978230461,F,35,1,95370,"Simple Wish, A (1997)",Children's|Fantasy,1997,170,1
10,1584,5,979168108,F,35,1,95370,Contact (1997),Drama|Sci-Fi,1997,257,1
10,3189,4,978225033,F,35,1,95370,My Dog Skip (1999),Comedy,1999,176,1
10,1586,4,978229979,F,35,1,95370,G.I. Jane (1997),Action|Drama|War,1997,73,1
10,2021,4,979168295,F,35,1,95370,Dune (1984),Fantasy|Sci-Fi,1984,264,1
10,1220,4,978227912,F,35,1,95370,"Blues Brothers, The (1980)",Action|Comedy|Musical,1980,49,1
10,1223,5,979168470,F,35,1,95370,"Grand Day Out, A (1992)",Animation|Comedy,1992,154,1
10,1225,4,979775131,F,35,1,95370,Amadeus (1984),Drama,1984,238,1
10,1080,5,978225824,F,35,1,95370,Monty Python's Life of Brian (1979),Comedy,1979,176,1
10,2967,4,978227848,F,35,1,95370,"Bad Seed, The (1956)",Drama|Thriller,1956,259,1
10,2968,4,979168160,F,35,1,95370,Time Bandits (1981),Adventure|Fantasy|Sci-Fi,1981,133,1
10,1084,4,978226698,F,35,1,95370,Bonnie and Clyde (1967),Crime|Drama,1967,216,1
10,3699,5,978226866,F,35,1,95370,Starman (1984),Adventure|Drama|Romance|Sci-Fi,1984,128,1
10,480,4,978224705,F,35,1,95370,Jurassic Park (1993),Action|Adventure|Sci-Fi,1993,33,1
10,1088,5,978227300,F,35,1,95370,Dirty Dancing (1987),Musical|Romance,1987,281,1
10,3408,4,978225070,F,35,1,95370,Erin Brockovich (2000),Drama,2000,238,1
10,3194,4,978226349,F,35,1,95370,"Way We Were, The (1973)",Drama,1973,238,1
10,2393,4,978228074,F,35,1,95370,Star Trek: Insurrection (1998),Action|Sci-Fi,1998,86,1
10,2396,5,979167660,F,35,1,95370,Shakespeare in Love (1998),Comedy|Romance,1998,206,1
10,2398,5,979775266,F,35,1,95370,Miracle on 34th Street (1947),Drama,1947,238,1
10,2100,5,978226739,F,35,1,95370,Splash (1984),Comedy|Fantasy|Romance,1984,193,1
10,2399,4,978224821,F,35,1,95370,Santa Claus: The Movie (1985),Adventure|Children's|Fantasy,1985,115,1
10,1302,5,978225779,F,35,1,95370,Field of Dreams (1989),Drama,1989,238,1
10,1230,4,978226968,F,35,1,95370,Annie Hall (1977),Comedy|Romance,1977,206,1
10,2105,5,979168309,F,35,1,95370,Tron (1982),Action|Adventure|Fantasy|Sci-Fi,1982,24,1
10,1233,4,979775521,F,35,1,95370,"Boat, The (Das Boot) (1981)",Action|Drama|War,1981,73,1
10,2108,5,979167867,F,35,1,95370,L.A. Story (1991),Comedy|Romance,1991,206,1
10,1234,4,978225630,F,35,1,95370,"Sting, The (1973)",Comedy|Crime,1973,177,1
10,1307,5,978226546,F,35,1,95370,When Harry Met Sally... (1989),Comedy|Romance,1989,206,1
10,2109,4,978229007,F,35,1,95370,"Jerk, The (1979)",Comedy,1979,176,1
10,1097,5,979168108,F,35,1,95370,E.T. the Extra-Terrestrial (1982),Children's|Drama|Fantasy|Sci-Fi,1982,169,1
10,2470,5,978228118,F,35,1,95370,Crocodile Dundee (1986),Adventure|Comedy,1986,120,1
10,2617,4,978227696,F,35,1,95370,"Mummy, The (1999)",Action|Adventure|Horror|Thriller,1999,26,1
10,3347,5,979775575,F,35,1,95370,Never Cry Wolf (1983),Drama,1983,238,1
10,203,4,978230426,F,35,1,95370,"To Wong Foo, Thanks for Everything! Julie Newmar (1995)",Comedy,1995,176,1
10,1676,4,978229028,F,35,1,95370,Starship Troopers (1997),Action|Adventure|Sci-Fi|War,1997,36,1
10,208,4,978230132,F,35,1,95370,Waterworld (1995),Action|Adventure,1995,1,1
10,2111,4,978228798,F,35,1,95370,"Man with Two Brains, The (1983)",Comedy,1983,176,1
10,2040,4,978227003,F,35,1,95370,"Computer Wore Tennis Shoes, The (1970)",Children's|Comedy,1970,160,1
10,2115,5,978227934,F,35,1,95370,Indiana Jones and the Temple of Doom (1984),Action|Adventure,1984,1,1
10,1240,5,979775448,F,35,1,95370,"Terminator, The (1984)",Action|Sci-Fi|Thriller,1984,87,1
10,3928,4,978228307,F,35,1,95370,Abbott and Costello Meet Frankenstein (1948),Comedy|Horror,1948,195,1
10,2043,5,978228989,F,35,1,95370,Darby O'Gill and the Little People (1959),Adventure|Children's|Fantasy,1959,115,1
10,1243,5,978227300,F,35,1,95370,Rosencrantz and Guildenstern Are Dead (1990),Comedy|Drama,1990,185,1
10,2046,4,978228966,F,35,1,95370,Flight of the Navigator (1986),Adventure|Children's|Sci-Fi,1986,119,1
10,2047,4,978229459,F,35,1,95370,"Gnome-Mobile, The (1967)",Children's,1967,159,1
10,2049,5,978229624,F,35,1,95370,"Happiest Millionaire, The (1967)",Comedy|Musical,1967,200,1
11,1753,4,978904024,F,25,1,04093,Half Baked (1998),Comedy,1998,176,1
11,216,4,978904376,F,25,1,04093,Billy Madison (1995),Comedy,1995,176,1
11,2997,4,978902286,F,25,1,04093,Being John Malkovich (1999),Comedy,1999,176,1
11,1188,4,978220319,F,25,1,04093,Strictly Ballroom (1992),Comedy|Romance,1992,206,1
11,663,4,978904024,F,25,1,04093,Kids in the Hall: Brain Candy (1996),Comedy,1996,176,1
11,1197,5,978903297,F,25,1,04093,"Princess Bride, The (1987)",Action|Adventure|Comedy|Romance,1987,13,1
11,1198,4,978218913,F,25,1,04093,Raiders of the Lost Ark (1981),Action|Adventure,1981,1,1
11,593,5,978219607,F,25,1,04093,"Silence of the Lambs, The (1991)",Drama|Thriller,1991,259,1
11,1916,4,978220867,F,25,1,04093,Buffalo 66 (1998),Action|Comedy|Drama,1998,47,1
11,3448,4,978903351,F,25,1,04093,"Good Morning, Vietnam (1987)",Comedy|Drama|War,1987,190,1
11,1777,4,978903927,F,25,1,04093,"Wedding Singer, The (1998)",Comedy|Romance,1998,206,1
11,2076,4,978908976,F,25,1,04093,Blue Velvet (1986),Drama|Mystery,1986,247,1
11,1923,5,978220393,F,25,1,04093,There's Something About Mary (1998),Comedy,1998,176,1
11,2580,5,978220030,F,25,1,04093,Go (1999),Crime,1999,215,1
11,1784,5,978219917,F,25,1,04093,As Good As It Gets (1997),Comedy|Drama,1997,185,1
11,318,5,978219547,F,25,1,04093,"Shawshank Redemption, The (1994)",Drama,1994,238,1
11,246,4,978902439,F,25,1,04093,Hoop Dreams (1994),Documentary,1994,234,1
11,1358,5,978219776,F,25,1,04093,Sling Blade (1996),Drama|Thriller,1996,259,1
11,1288,4,978903107,F,25,1,04093,This Is Spinal Tap (1984),Comedy|Drama|Musical,1984,186,1
11,2804,5,978902902,F,25,1,04093,"Christmas Story, A (1983)",Comedy|Drama,1983,185,1
11,3608,4,978903365,F,25,1,04093,Pee-wee's Big Adventure (1985),Comedy,1985,176,1
11,2302,4,978220896,F,25,1,04093,My Cousin Vinny (1992),Comedy,1992,176,1
11,3105,5,978219702,F,25,1,04093,Awakenings (1990),Drama,1990,238,1
11,764,5,978219869,F,25,1,04093,Heavy (1995),Drama|Romance,1995,251,1
11,2746,4,978903773,F,25,1,04093,Little Shop of Horrors (1986),Comedy|Horror|Musical,1986,196,1
11,333,4,978904356,F,25,1,04093,Tommy Boy (1995),Comedy,1995,176,1
11,2174,4,978903278,F,25,1,04093,Beetlejuice (1988),Comedy|Fantasy,1988,192,1
11,778,4,978219895,F,25,1,04093,Trainspotting (1996),Drama,1996,238,1
11,2683,4,978904242,F,25,1,04093,Austin Powers: The Spy Who Shagged Me (1999),Comedy,1999,176,1
11,345,4,978220669,F,25,1,04093,"Adventures of Priscilla, Queen of the Desert, The (1994)",Comedy|Drama,1994,185,1
11,3129,4,978903701,F,25,1,04093,Sweet and Lowdown (1999),Comedy|Drama,1999,185,1
11,2329,5,978220030,F,25,1,04093,American History X (1998),Drama,1998,238,1
11,2762,5,978219815,F,25,1,04093,"Sixth Sense, The (1999)",Thriller,1999,297,1
11,2766,4,978903209,F,25,1,04093,"Adventures of Sebastian Cole, The (1998)",Comedy|Drama,1998,185,1
11,356,5,978903209,F,25,1,04093,Forrest Gump (1994),Comedy|Romance|War,1994,209,1
11,1394,4,978902965,F,25,1,04093,Raising Arizona (1987),Comedy,1987,176,1
11,2918,5,978903129,F,25,1,04093,Ferris Bueller's Day Off (1986),Comedy,1986,176,1
11,3148,4,978220521,F,25,1,04093,"Cider House Rules, The (1999)",Drama,1999,238,1
11,1546,4,978902521,F,25,1,04093,Schizopolis (1996),Comedy,1996,176,1
11,2858,5,978219634,F,25,1,04093,American Beauty (1999),Comedy|Drama,1999,185,1
11,50,5,978219607,F,25,1,04093,"Usual Suspects, The (1995)",Crime|Thriller,1995,233,1
11,2282,4,978902522,F,25,1,04093,Pecker (1998),Comedy|Drama,1998,185,1
11,3809,5,978903728,F,25,1,04093,What About Bob? (1991),Comedy,1991,176,1
11,2791,4,978903186,F,25,1,04093,Airplane! (1980),Comedy,1980,176,1
11,2795,5,978903701,F,25,1,04093,Vacation (1983),Comedy,1983,176,1
11,1059,4,978220622,F,25,1,04093,William Shakespeare's Romeo and Juliet (1996),Drama|Romance,1996,251,1
11,1701,4,978221676,F,25,1,04093,Deconstructing Harry (1997),Comedy|Drama,1997,185,1
11,3160,4,978220432,F,25,1,04093,Magnolia (1999),Drama,1999,238,1
11,1704,5,978219701,F,25,1,04093,Good Will Hunting (1997),Drama,1997,238,1
11,1563,5,978221617,F,25,1,04093,Dream With the Fishes (1997),Drama,1997,238,1
11,1136,4,978902965,F,25,1,04093,Monty Python and the Holy Grail (1974),Comedy,1974,176,1
11,608,5,978219667,F,25,1,04093,Fargo (1996),Crime|Drama|Thriller,1996,224,1
11,3178,4,978221047,F,25,1,04093,"Hurricane, The (1999)",Drama,1999,238,1
11,104,5,978903811,F,25,1,04093,Happy Gilmore (1996),Comedy,1996,176,1
11,1213,4,978902439,F,25,1,04093,GoodFellas (1990),Crime|Drama,1990,216,1
11,2959,5,978220687,F,25,1,04093,Fight Club (1999),Drama,1999,238,1
11,543,5,978219917,F,25,1,04093,So I Married an Axe Murderer (1993),Comedy|Romance|Thriller,1993,208,1
11,88,4,978904663,F,25,1,04093,Black Sheep (1996),Comedy,1996,176,1
11,1080,4,978903076,F,25,1,04093,Monty Python's Life of Brian (1979),Comedy,1979,176,1
11,480,4,978220743,F,25,1,04093,Jurassic Park (1993),Action|Adventure|Sci-Fi,1993,33,1
11,481,5,978221260,F,25,1,04093,Kalifornia (1993),Drama|Thriller,1993,259,1
11,1089,5,978219776,F,25,1,04093,Reservoir Dogs (1992),Crime|Thriller,1992,233,1
11,1732,4,978903927,F,25,1,04093,"Big Lebowski, The (1998)",Comedy|Crime|Mystery|Thriller,1998,182,1
11,2539,4,978904142,F,25,1,04093,Analyze This (1999),Comedy,1999,176,1
11,994,5,978219733,F,25,1,04093,Big Night (1996),Drama,1996,238,1
11,2109,5,978903658,F,25,1,04093,"Jerk, The (1979)",Comedy,1979,176,1
11,3418,5,978219776,F,25,1,04093,Thelma & Louise (1991),Action|Drama,1991,64,1
11,1244,4,978903024,F,25,1,04093,Manhattan (1979),Comedy|Drama|Romance,1979,187,1
12,1193,4,978220179,M,25,12,32793,One Flew Over the Cuckoo's Nest (1975),Drama,1975,238,1
12,1198,5,978218949,M,25,12,32793,Raiders of the Lost Ark (1981),Action|Adventure,1981,1,1
12,593,5,978220193,M,25,12,32793,"Silence of the Lambs, The (1991)",Drama|Thriller,1991,259,1
12,3897,4,978218949,M,25,12,32793,Almost Famous (2000),Comedy|Drama,2000,185,1
12,2804,5,978220237,M,25,12,32793,"Christmas Story, A (1983)",Comedy|Drama,1983,185,1
12,919,5,978220120,M,25,12,32793,"Wizard of Oz, The (1939)",Adventure|Children's|Drama|Musical,1939,113,1
12,923,5,978220237,M,25,12,32793,Citizen Kane (1941),Drama,1941,238,1
12,858,5,978218949,M,25,12,32793,"Godfather, The (1972)",Action|Crime|Drama,1972,57,1
12,3658,4,978220216,M,25,12,32793,Quatermass and the Pit (1967),Sci-Fi,1967,293,1
12,111,5,978220179,M,25,12,32793,Taxi Driver (1976),Drama|Thriller,1976,259,1
12,1221,5,978218949,M,25,12,32793,"Godfather: Part II, The (1974)",Action|Crime|Drama,1974,57,1
12,3265,4,978218916,M,25,12,32793,Hard-Boiled (Lashou shentan) (1992),Action|Crime,1992,56,1
12,1303,4,978218916,M,25,12,32793,"Man Who Would Be King, The (1975)",Adventure,1975,96,1
12,999,4,978218568,M,25,12,32793,2 Days in the Valley (1996),Crime,1996,215,1
13,1259,4,978202246,M,45,1,93304,Stand by Me (1986),Adventure|Comedy|Drama,1986,121,1
13,589,5,978201811,M,45,1,93304,Terminator 2: Judgment Day (1991),Action|Sci-Fi|Thriller,1991,87,1
13,1331,4,978201342,M,45,1,93304,Audrey Rose (1977),Horror,1977,273,1
13,1262,4,978202201,M,45,1,93304,"Great Escape, The (1963)",Adventure|War,1963,141,1
13,1196,5,978201342,M,45,1,93304,Star Wars: Episode V - The Empire Strikes Back (1980),Action|Adventure|Drama|Sci-Fi|War,1980,21,1
13,590,4,978202246,M,45,1,93304,Dances with Wolves (1990),Adventure|Drama|Western,1990,130,1
13,1197,4,978201320,M,45,1,93304,"Princess Bride, The (1987)",Action|Adventure|Comedy|Romance,1987,13,1
13,736,4,978202073,M,45,1,93304,Twister (1996),Action|Adventure|Romance|Thriller,1996,31,1
13,1198,5,978202201,M,45,1,93304,Raiders of the Lost Ark (1981),Action|Adventure,1981,1,1
13,593,5,978201672,M,45,1,93304,"Silence of the Lambs, The (1991)",Drama|Thriller,1991,259,1
13,2571,5,978201740,M,45,1,93304,"Matrix, The (1999)",Action|Sci-Fi|Thriller,1999,87,1
13,318,4,978201660,M,45,1,93304,"Shawshank Redemption, The (1994)",Drama,1994,238,1
13,1356,4,978201843,M,45,1,93304,Star Trek: First Contact (1996),Action|Adventure|Sci-Fi,1996,33,1
13,1287,5,978202219,M,45,1,93304,Ben-Hur (1959),Action|Adventure|Drama,1959,19,1
13,329,4,978201987,M,45,1,93304,Star Trek: Generations (1994),Action|Adventure|Sci-Fi,1994,33,1
13,2161,4,978202353,M,45,1,93304,"NeverEnding Story, The (1984)",Adventure|Children's|Fantasy,1984,115,1
13,1291,4,978201320,M,45,1,93304,Indiana Jones and the Last Crusade (1989),Action|Adventure,1989,1,1
13,3479,4,978202283,M,45,1,93304,Ladyhawke (1985),Adventure|Fantasy|Romance,1985,132,1
13,260,5,978202219,M,45,1,93304,Star Wars: Episode IV - A New Hope (1977),Action|Adventure|Fantasy|Sci-Fi,1977,24,1
13,1372,4,978201884,M,45,1,93304,Star Trek VI: The Undiscovered Country (1991),Action|Adventure|Sci-Fi,1991,33,1
13,1374,4,978202328,M,45,1,93304,Star Trek: The Wrath of Khan (1982),Action|Adventure|Sci-Fi,1982,33,1
13,919,4,978202201,M,45,1,93304,"Wizard of Oz, The (1939)",Adventure|Children's|Drama|Musical,1939,113,1
13,2686,4,978201777,M,45,1,93304,"Red Violin, The (Le Violon rouge) (1998)",Drama|Mystery,1998,247,1
13,1527,4,978201859,M,45,1,93304,"Fifth Element, The (1997)",Action|Sci-Fi,1997,86,1
13,780,4,978201927,M,45,1,93304,Independence Day (ID4) (1996),Action|Sci-Fi|War,1996,90,1
13,421,5,978202491,M,45,1,93304,Black Beauty (1994),Adventure|Children's,1994,106,1
13,296,4,978201368,M,45,1,93304,Pulp Fiction (1994),Crime|Drama,1994,216,1
13,1544,4,978202073,M,45,1,93304,"Lost World: Jurassic Park, The (1997)",Action|Adventure|Sci-Fi|Thriller,1997,34,1
13,50,4,978201724,M,45,1,93304,"Usual Suspects, The (1995)",Crime|Thriller,1995,233,1
13,1127,4,978202328,M,45,1,93304,"Abyss, The (1989)",Action|Adventure|Sci-Fi|Thriller,1989,34,1
13,527,5,978201660,M,45,1,93304,Schindler's List (1993),Drama|War,1993,261,1
13,1204,5,978202201,M,45,1,93304,Lawrence of Arabia (1962),Adventure|War,1962,141,1
13,2370,4,978202417,M,45,1,93304,"Emerald Forest, The (1985)",Action|Adventure|Drama,1985,19,1
13,1210,4,978202282,M,45,1,93304,Star Wars: Episode VI - Return of the Jedi (1983),Action|Adventure|Romance|Sci-Fi|War,1983,30,1
13,1580,4,978201884,M,45,1,93304,Men in Black (1997),Action|Adventure|Comedy|Sci-Fi,1997,14,1
13,110,4,978201777,M,45,1,93304,Braveheart (1995),Action|Drama|War,1995,73,1
13,2028,4,978201687,M,45,1,93304,Saving Private Ryan (1998),Action|Drama|War,1998,73,1
13,480,4,978202328,M,45,1,93304,Jurassic Park (1993),Action|Adventure|Sci-Fi,1993,33,1
13,1097,5,978201368,M,45,1,93304,E.T. the Extra-Terrestrial (1982),Children's|Drama|Fantasy|Sci-Fi,1982,169,1
13,2046,4,978202417,M,45,1,93304,Flight of the Navigator (1986),Adventure|Children's|Sci-Fi,1986,119,1
14,2997,5,978200689,M,35,0,60126,Being John Malkovich (1999),Comedy,1999,176,1
14,1263,5,978201280,M,35,0,60126,"Deer Hunter, The (1978)",Drama|War,1978,261,1
14,2731,4,978201317,M,35,0,60126,"400 Blows, The (Les Quatre cents coups) (1959)",Drama,1959,238,1
14,3033,4,978200320,M,35,0,60126,Spaceballs (1987),Comedy|Sci-Fi,1987,210,1
14,2686,5,978200975,M,35,0,60126,"Red Violin, The (Le Violon rouge) (1998)",Drama|Mystery,1998,247,1
14,2762,5,978201003,M,35,0,60126,"Sixth Sense, The (1999)",Thriller,1999,297,1
14,2692,4,978200975,M,35,0,60126,Run Lola Run (Lola rennt) (1998),Action|Crime|Romance,1998,61,1
14,3578,4,978200828,M,35,0,60126,Gladiator (2000),Action|Drama,2000,64,1
14,296,5,978201244,M,35,0,60126,Pulp Fiction (1994),Crime|Drama,1994,216,1
14,2920,5,978200528,M,35,0,60126,Children of Paradise (Les enfants du paradis) (1945),Drama|Romance,1945,251,1
14,3081,4,978201003,M,35,0,60126,Sleepy Hollow (1999),Horror|Romance,1999,276,1
14,1225,4,978201317,M,35,0,60126,Amadeus (1984),Drama,1984,238,1
14,2396,4,978201003,M,35,0,60126,Shakespeare in Love (1998),Comedy|Romance,1998,206,1
15,3421,4,978196170,M,25,7,22903,Animal House (1978),Comedy,1978,176,1
15,648,4,978212463,M,25,7,22903,Mission: Impossible (1996),Action|Adventure|Mystery,1996,27,1
15,141,4,978198350,M,25,7,22903,"Birdcage, The (1996)",Comedy,1996,176,1
15,3798,4,978196866,M,25,7,22903,What Lies Beneath (2000),Thriller,2000,297,1
15,2706,4,978196348,M,25,7,22903,American Pie (1999),Comedy,1999,176,1
15,2707,4,978196389,M,25,7,22903,Arlington Road (1999),Thriller,1999,297,1
15,2490,4,978196741,M,25,7,22903,Payback (1999),Action|Thriller,1999,92,1
15,1909,4,978198907,M,25,7,22903,"X-Files: Fight the Future, The (1998)",Mystery|Sci-Fi|Thriller,1998,287,1
15,2567,4,978198847,M,25,7,22903,EDtv (1999),Comedy,1999,176,1
15,3298,4,978196418,M,25,7,22903,Boiler Room (2000),Drama,2000,238,1
15,3005,4,978196442,M,25,7,22903,"Bone Collector, The (1999)",Thriller,1999,297,1
15,6,4,978198250,M,25,7,22903,Heat (1995),Action|Crime|Thriller,1995,63,1
15,805,4,978198420,M,25,7,22903,"Time to Kill, A (1996)",Drama,1996,238,1
15,1193,4,978199279,M,25,7,22903,One Flew Over the Cuckoo's Nest (1975),Drama,1975,238,1
15,3510,5,978361393,M,25,7,22903,Frequency (2000),Drama|Thriller,2000,259,1
15,1196,4,978212628,M,25,7,22903,Star Wars: Episode V - The Empire Strikes Back (1980),Action|Adventure|Drama|Sci-Fi|War,1980,21,1
15,1198,4,978196126,M,25,7,22903,Raiders of the Lost Ark (1981),Action|Adventure,1981,1,1
15,593,4,978199279,M,25,7,22903,"Silence of the Lambs, The (1991)",Drama|Thriller,1991,259,1
15,2571,4,978197870,M,25,7,22903,"Matrix, The (1999)",Action|Sci-Fi|Thriller,1999,87,1
15,300,4,978197928,M,25,7,22903,Quiz Show (1994),Drama,1994,238,1
15,161,4,978212013,M,25,7,22903,Crimson Tide (1995),Drama|Thriller|War,1995,260,1
15,1923,4,978198104,M,25,7,22903,There's Something About Mary (1998),Comedy,1998,176,1
15,318,4,978197830,M,25,7,22903,"Shawshank Redemption, The (1994)",Drama,1994,238,1
15,1422,4,978212463,M,25,7,22903,Murder at 1600 (1997),Mystery|Thriller,1997,288,1
15,3461,4,978212698,M,25,7,22903,Lord of the Flies (1963),Adventure|Drama|Thriller,1963,129,1
15,3108,4,978198616,M,25,7,22903,"Fisher King, The (1991)",Comedy|Drama|Romance,1991,187,1
15,832,4,978198581,M,25,7,22903,Ransom (1996),Drama|Thriller,1996,259,1
15,260,4,978212645,M,25,7,22903,Star Wars: Episode IV - A New Hope (1977),Action|Adventure|Fantasy|Sci-Fi,1977,24,1
15,3113,4,978196499,M,25,7,22903,End of Days (1999),Action|Thriller,1999,92,1
15,266,4,978198907,M,25,7,22903,Legends of the Fall (1994),Drama|Romance|War|Western,1994,255,1
15,1370,4,978198772,M,25,7,22903,Die Hard 2 (1990),Action|Thriller,1990,92,1
15,3624,4,978197054,M,25,7,22903,Shanghai Noon (2000),Action,2000,0,1
15,2826,4,978196348,M,25,7,22903,"13th Warrior, The (1999)",Action|Horror|Thriller,1999,78,1
15,2683,4,978196389,M,25,7,22903,Austin Powers: The Spy Who Shagged Me (1999),Comedy,1999,176,1
15,3489,4,978212591,M,25,7,22903,Hook (1991),Adventure|Fantasy,1991,131,1
15,344,4,978198640,M,25,7,22903,Ace Ventura: Pet Detective (1994),Comedy,1994,176,1
15,1527,4,978198581,M,25,7,22903,"Fifth Element, The (1997)",Action|Sci-Fi,1997,86,1
15,2762,4,978196817,M,25,7,22903,"Sixth Sense, The (1999)",Thriller,1999,297,1
15,2694,4,978196418,M,25,7,22903,Big Daddy (1999),Comedy,1999,176,1
15,1892,4,978212431,M,25,7,22903,"Perfect Murder, A (1998)",Mystery|Thriller,1998,288,1
15,3499,4,978198323,M,25,7,22903,Misery (1990),Horror,1990,273,1
15,1968,4,978196188,M,25,7,22903,"Breakfast Club, The (1985)",Comedy|Drama,1985,185,1
15,356,4,978198169,M,25,7,22903,Forrest Gump (1994),Comedy|Romance|War,1994,209,1
15,2268,4,978196975,M,25,7,22903,"Few Good Men, A (1992)",Crime|Drama,1992,216,1
15,1466,4,978212166,M,25,7,22903,Donnie Brasco (1997),Crime|Drama,1997,216,1
15,1396,4,978198442,M,25,7,22903,Sneakers (1992),Crime|Drama|Sci-Fi,1992,223,1
15,2840,4,978196848,M,25,7,22903,Stigmata (1999),Thriller,1999,297,1
15,2841,4,978196848,M,25,7,22903,Stir of Echoes (1999),Thriller,1999,297,1
15,2916,4,978197453,M,25,7,22903,Total Recall (1990),Action|Adventure|Sci-Fi|Thriller,1990,34,1
15,500,4,978198493,M,25,7,22903,Mrs. Doubtfire (1993),Comedy,1993,176,1
15,3578,5,978196546,M,25,7,22903,Gladiator (2000),Action|Drama,2000,64,1
15,364,4,978198062,M,25,7,22903,"Lion King, The (1994)",Animation|Children's|Musical,1994,152,1
15,1610,4,978198169,M,25,7,22903,"Hunt for Red October, The (1990)",Action|Thriller,1990,92,1
15,367,4,978212166,M,25,7,22903,"Mask, The (1994)",Comedy|Crime|Fantasy,1994,180,1
15,47,4,978198104,M,25,7,22903,Seven (Se7en) (1995),Crime|Thriller,1995,233,1
15,3147,4,978197971,M,25,7,22903,"Green Mile, The (1999)",Drama|Thriller,1999,259,1
15,3148,4,978197985,M,25,7,22903,"Cider House Rules, The (1999)",Drama,1999,238,1
15,1619,4,978211867,M,25,7,22903,Seven Years in Tibet (1997),Drama|War,1997,261,1
15,3723,4,978198394,M,25,7,22903,Hamlet (1990),Drama,1990,238,1
15,2858,4,978196348,M,25,7,22903,American Beauty (1999),Comedy|Drama,1999,185,1
15,50,4,978197842,M,25,7,22903,"Usual Suspects, The (1995)",Crime|Thriller,1995,233,1
15,3155,4,978196389,M,25,7,22903,Anna and the King (1999),Drama|Romance,1999,251,1
15,1625,4,978198456,M,25,7,22903,"Game, The (1997)",Mystery|Thriller,1997,288,1
15,1487,4,978198011,M,25,7,22903,Selena (1997),Drama|Musical,1997,245,1
15,524,4,978198150,M,25,7,22903,Rudy (1993),Drama,1993,238,1
15,2501,4,978198125,M,25,7,22903,October Sky (1999),Drama,1999,238,1
15,527,4,978197830,M,25,7,22903,Schindler's List (1993),Drama|War,1993,261,1
15,457,4,978197971,M,25,7,22903,"Fugitive, The (1993)",Action|Thriller,1993,92,1
15,2433,4,978198735,M,25,7,22903,"Civil Action, A (1998)",Drama,1998,238,1
15,1704,4,978197887,M,25,7,22903,Good Will Hunting (1997),Drama,1997,238,1
15,2000,4,978197004,M,25,7,22903,Lethal Weapon (1987),Action|Comedy|Crime|Drama,1987,45,1
15,2001,4,978197004,M,25,7,22903,Lethal Weapon 2 (1989),Action|Comedy|Crime|Drama,1989,45,1
15,2006,4,978197453,M,25,7,22903,"Mask of Zorro, The (1998)",Action|Adventure|Romance,1998,29,1
15,539,4,978198469,M,25,7,22903,Sleepless in Seattle (1993),Comedy|Romance,1993,206,1
15,73,4,978197903,M,25,7,22903,"Misérables, Les (1995)",Drama|Musical,1995,245,1
